heat_id,grade_id,source,C,Mn,Cr,Mo,Ni,Si,V,Cu,Al,austenitize_T,quench_medium,temper_T,tensile_strength,yield_strength,elongation,reduction_area,impact_J_avg,condition,hardness,split,data_tier,steel_family
emk_EMK0005_0,EMK0005,EMK_spec,0.02,1.0,20.0,6.5,25.0,0.5,0.0,1.0,,1050.0,water,,650.0,295.0,35.0,24.1,37.2,,45.6,pretrain,emk_spec_verified,stainless_austenitic
emk_EMK0007_1,EMK0007,EMK_spec,0.35,0.825,0.3,0.12,0.4,0.225,0.06,0.4,,840.0,water,550.0,485.0,250.0,,30.0,136.4,,70.0,pretrain,emk_spec_verified,carbon_medium
emk_EMK0012_3,EMK0012,EMK_spec,0.07,2.0,17.25,2.25,12.0,1.0,0.0,,,1050.0,water,,1690.0,1047.8,,12.1,,,65.5,pretrain,emk_spec_verified,stainless_austenitic
emk_EMK0012_4,EMK0012,EMK_spec,0.07,2.0,17.25,2.25,12.0,1.0,0.0,,,1050.0,water,,1655.0,1026.1,,16.6,,,65.5,pretrain,emk_spec_verified,stainless_austenitic
emk_EMK0012_5,EMK0012,EMK_spec,0.07,2.0,17.25,2.25,12.0,1.0,0.0,,,1050.0,water,,1620.0,1004.4,,13.0,,,66.5,pretrain,emk_spec_verified,stainless_austenitic
emk_EMK0012_6,EMK0012,EMK_spec,0.07,2.0,17.25,2.25,12.0,1.0,0.0,,,1050.0,water,,1620.0,1004.4,,18.5,,,66.6,pretrain,emk_spec_verified,stainless_austenitic
emk_EMK0012_7,EMK0012,EMK_spec,0.07,2.0,17.25,2.25,12.0,1.0,0.0,,,1050.0,water,,1585.0,982.7,,18.2,,,64.6,pretrain,emk_spec_verified,stainless_austenitic
emk_EMK0012_8,EMK0012,EMK_spec,0.07,2.0,17.25,2.25,12.0,1.0,0.0,,,1050.0,water,,1550.0,961.0,,11.6,,,63.8,pretrain,emk_spec_verified,stainless_austenitic
emk_EMK0012_9,EMK0012,EMK_spec,0.07,2.0,17.25,2.25,12.0,1.0,0.0,,,1050.0,water,,1515.0,939.3,,7.3,,,66.9,pretrain,emk_spec_verified,stainless_austenitic
emk_EMK0012_10,EMK0012,EMK_spec,0.07,2.0,17.25,2.25,12.0,1.0,0.0,,,1050.0,water,,1480.0,917.6,,9.5,,,63.1,pretrain,emk_spec_verified,stainless_austenitic
emk_EMK0012_11,EMK0012,EMK_spec,0.07,2.0,17.25,2.25,12.0,1.0,0.0,,,1050.0,water,,1450.0,899.0,,11.4,,,63.2,pretrain,emk_spec_verified,stainless_austenitic
emk_EMK0012_12,EMK0012,EMK_spec,0.07,2.0,17.25,2.25,12.0,1.0,0.0,,,1050.0,water,,1415.0,877.3,,12.6,,,63.6,pretrain,emk_spec_verified,stainless_austenitic
emk_EMK0012_13,EMK0012,EMK_spec,0.07,2.0,17.25,2.25,12.0,1.0,0.0,,,1050.0,water,,1380.0,855.6,,11.9,,,65.6,pretrain,emk_spec_verified,stainless_austenitic
emk_EMK0012_14,EMK0012,EMK_spec,0.07,2.0,17.25,2.25,12.0,1.0,0.0,,,1050.0,water,,1345.0,833.9,,10.6,,,66.6,pretrain,emk_spec_verified,stainless_austenitic
emk_EMK0012_15,EMK0012,EMK_spec,0.07,2.0,17.25,2.25,12.0,1.0,0.0,,,1050.0,water,,1275.0,790.5,,6.8,,,65.9,pretrain,emk_spec_verified,stainless_austenitic
emk_EMK0012_16,EMK0012,EMK_spec,0.07,2.0,17.25,2.25,12.0,1.0,0.0,,,1050.0,water,,1240.0,768.8,,8.5,,,66.3,pretrain,emk_spec_verified,stainless_austenitic
emk_EMK0012_17,EMK0012,EMK_spec,0.07,2.0,17.25,2.25,12.0,1.0,0.0,,,1050.0,water,,1170.0,725.4,,19.5,,,63.1,pretrain,emk_spec_verified,stainless_austenitic
emk_EMK0012_18,EMK0012,EMK_spec,0.07,2.0,17.25,2.25,12.0,1.0,0.0,,,1050.0,water,,1105.0,685.1,,19.4,,,66.9,pretrain,emk_spec_verified,stainless_austenitic
emk_EMK0012_19,EMK0012,EMK_spec,0.07,2.0,17.25,2.25,12.0,1.0,0.0,,,1050.0,water,,1070.0,663.4,,19.3,,,65.9,pretrain,emk_spec_verified,stainless_austenitic
emk_EMK0012_20,EMK0012,EMK_spec,0.07,2.0,17.25,2.25,12.0,1.0,0.0,,,1050.0,water,,1035.0,641.7,,10.2,,,66.1,pretrain,emk_spec_verified,stainless_austenitic
emk_EMK0012_21,EMK0012,EMK_spec,0.07,2.0,17.25,2.25,12.0,1.0,0.0,,,1050.0,water,,965.0,598.3,,26.4,,,63.9,pretrain,emk_spec_verified,stainless_austenitic
emk_EMK0012_22,EMK0012,EMK_spec,0.07,2.0,17.25,2.25,12.0,1.0,0.0,,,1050.0,water,,930.0,576.6,,31.8,,,63.9,pretrain,emk_spec_verified,stainless_austenitic
emk_EMK0012_23,EMK0012,EMK_spec,0.07,2.0,17.25,2.25,12.0,1.0,0.0,,,1050.0,water,,895.0,554.9,,26.9,,,63.2,pretrain,emk_spec_verified,stainless_austenitic
emk_EMK0012_24,EMK0012,EMK_spec,0.07,2.0,17.25,2.25,12.0,1.0,0.0,,,1050.0,water,,860.0,533.2,,29.2,,,66.0,pretrain,emk_spec_verified,stainless_austenitic
emk_EMK0014_25,EMK0014,EMK_spec,0.08,2.0,23.0,,13.0,0.75,0.0,,,1050.0,water,,515.0,205.0,40.0,42.6,91.7,,70.0,pretrain,emk_spec_verified,stainless_austenitic
emk_EMK0016_27,EMK0016,EMK_spec,0.25,2.0,25.0,,20.5,1.5,0.0,,,1040.0,air,480.0,515.0,205.0,40.0,44.6,137.8,,70.0,pretrain,emk_spec_verified,stainless_PH
emk_EMK0018_28,EMK0018,EMK_spec,0.08,1.0,12.5,,0.6,1.0,0.0,,,,,,500.0,290.0,27.0,52.9,100.1,,38.0,pretrain,emk_spec_verified,stainless_ferritic
emk_EMK0019_29,EMK0019,EMK_spec,0.3,0.975,0.3,0.12,0.4,0.225,0.08,0.4,,900.0,,,415.0,205.0,,38.0,111.1,,70.0,pretrain,emk_spec_verified,carbon_low
emk_EMK0023_30,EMK0023,EMK_spec,0.2,1.0,0.3,0.12,1.92,,0.03,1.0,,870.0,air,620.0,435.0,315.0,,38.0,99.4,,70.0,pretrain,emk_spec_verified,low_alloy_normalized
emk_EMK0028_32,EMK0028,EMK_spec,0.02,2.0,21.0,4.5,25.5,0.7,0.0,1.6,,1050.0,water,,490.0,220.0,35.0,43.5,148.6,,70.0,pretrain,emk_spec_verified,stainless_austenitic
emk_EMK0029_33,EMK0029,EMK_spec,0.25,2.0,25.0,,20.5,1.5,0.0,,,1040.0,air,480.0,515.0,205.0,40.0,46.7,124.4,,70.0,pretrain,emk_spec_verified,stainless_PH
emk_EMK0030_34,EMK0030,EMK_spec,0.08,2.0,18.0,,11.0,1.0,0.0,,,1050.0,water,,515.0,310.0,55.0,41.0,105.4,,70.0,pretrain,emk_spec_verified,stainless_austenitic
emk_EMK0031_35,EMK0031,EMK_spec,0.12,1.0,17.0,,,1.0,0.0,,,,,,450.0,205.0,22.0,43.6,134.1,,70.0,pretrain,emk_spec_verified,stainless_ferritic
emk_EMK0032_36,EMK0032,EMK_spec,0.25,0.81,0.4,0.15,0.4,0.1,0.08,0.4,,900.0,,,330.0,205.0,,42.8,94.5,,19.7,pretrain,emk_spec_verified,carbon_low
emk_EMK0033_37,EMK0033,EMK_spec,0.35,0.97,0.4,0.15,0.4,0.1,0.0,0.4,,840.0,water,550.0,482.6,275.8,,58.4,83.0,,28.2,pretrain,emk_spec_verified,carbon_medium
emk_EMK0037_41,EMK0037,EMK_spec,0.2,2.0,20.0,,12.0,2.0,0.0,,,1040.0,air,480.0,550.0,230.0,30.0,59.6,120.1,,70.0,pretrain,emk_spec_verified,stainless_PH
emk_EMK0040_43,EMK0040,EMK_spec,0.08,2.0,17.0,2.5,12.0,1.0,0.0,,,1050.0,water,,515.0,205.0,40.0,57.5,142.6,,70.0,pretrain,emk_spec_verified,stainless_austenitic
emk_EMK0041_44,EMK0041,EMK_spec,0.15,8.75,18.0,,5.0,1.0,0.0,,,1020.0,water,,620.0,310.0,40.0,50.0,62.5,,42.1,pretrain,emk_spec_verified,stainless_duplex
emk_EMK0044_45,EMK0044,EMK_spec,0.1,1.0,23.0,,60.5,0.5,0.0,1.0,1.35,,,,550.0,205.0,30.0,50.1,111.8,,33.5,pretrain,emk_spec_verified,nickel_superalloy
emk_EMK0047_46,EMK0047,EMK_spec,0.15,2.0,17.0,,7.0,1.0,0.0,,,1050.0,water,,515.0,205.0,40.0,55.3,148.7,,32.3,pretrain,emk_spec_verified,stainless_austenitic
emk_EMK0050_47,EMK0050,EMK_spec,0.02,2.0,21.0,4.5,25.5,1.0,0.0,1.5,,1050.0,water,,490.0,215.0,35.0,55.4,90.1,,29.0,pretrain,emk_spec_verified,stainless_austenitic
emk_EMK0052_48,EMK0052,EMK_spec,0.075,0.5,2.4,1.1,,0.3,0.25,1.0,0.03,870.0,air,620.0,620.0,415.0,20.0,25.0,79.7,,70.0,pretrain,emk_spec_verified,low_alloy_normalized
emk_EMK0053_49,EMK0053,EMK_spec,0.1,0.45,8.75,0.95,0.4,0.35,0.215,,0.02,870.0,air,620.0,585.0,415.0,20.0,43.7,83.1,,70.0,pretrain,emk_spec_verified,low_alloy_normalized
emk_EMK0054_50,EMK0054,EMK_spec,0.3,0.82,0.4,0.15,0.4,,0.08,0.4,,900.0,,,415.0,240.0,,53.9,86.6,,70.0,pretrain,emk_spec_verified,carbon_low
emk_EMK0055_51,EMK0055,EMK_spec,0.35,0.82,0.4,0.15,0.4,,0.08,0.4,,840.0,water,550.0,485.0,275.0,,48.1,144.2,,70.0,pretrain,emk_spec_verified,carbon_medium
emk_EMK0058_54,EMK0058,EMK_spec,0.3,0.925,0.3,0.12,0.4,0.275,0.08,0.4,,900.0,,,415.0,240.0,,56.8,92.5,,19.6,pretrain,emk_spec_verified,carbon_low
emk_EMK0064_57,EMK0064,EMK_spec,0.2,1.225,0.3,0.25,0.5,0.26,0.1,0.35,0.06,870.0,air,620.0,415.0,290.0,,44.0,147.9,,20.9,pretrain,emk_spec_verified,low_alloy_normalized
emk_EMK0065_58,EMK0065,EMK_spec,0.2,1.225,0.3,0.25,0.5,0.26,0.1,0.35,0.06,870.0,air,620.0,435.0,315.0,,43.9,108.2,,24.1,pretrain,emk_spec_verified,low_alloy_normalized
emk_EMK0066_59,EMK0066,EMK_spec,0.2,1.225,0.3,0.25,0.5,0.26,0.1,0.35,0.06,870.0,air,620.0,455.0,360.0,,42.1,146.0,,24.0,pretrain,emk_spec_verified,low_alloy_normalized
emk_EMK0067_60,EMK0067,EMK_spec,0.2,1.225,0.3,0.25,0.5,0.26,0.1,0.35,0.06,870.0,air,620.0,515.0,415.0,20.0,55.8,93.5,,29.8,pretrain,emk_spec_verified,low_alloy_normalized
emk_EMK0068_61,EMK0068,EMK_spec,0.2,1.225,0.3,0.25,0.5,0.26,0.1,0.35,0.06,870.0,air,620.0,530.0,450.0,20.0,59.8,99.2,,31.9,pretrain,emk_spec_verified,low_alloy_normalized
emk_EMK0069_62,EMK0069,EMK_spec,0.2,1.225,0.3,0.25,0.5,0.26,0.1,0.35,0.06,870.0,air,620.0,550.0,485.0,20.0,55.7,131.3,,34.2,pretrain,emk_spec_verified,low_alloy_normalized
emk_EMK0070_63,EMK0070,EMK_spec,0.08,2.0,19.0,,9.5,1.0,0.0,,,1050.0,water,,515.0,205.0,28.0,56.1,127.8,,33.3,pretrain,emk_spec_verified,stainless_austenitic
emk_EMK0071_64,EMK0071,EMK_spec,0.07,2.0,19.0,,9.5,1.0,0.0,,,1050.0,water,,515.0,205.0,28.0,50.3,99.5,,33.0,pretrain,emk_spec_verified,stainless_austenitic
emk_EMK0072_65,EMK0072,EMK_spec,0.04,2.0,18.75,,10.5,1.0,0.0,,,1050.0,water,,485.0,170.0,28.0,59.9,136.0,,27.5,pretrain,emk_spec_verified,stainless_austenitic
emk_EMK0073_66,EMK0073,EMK_spec,0.2,2.0,23.0,,13.5,1.0,0.0,,,1040.0,air,480.0,515.0,205.0,28.0,50.9,104.8,,30.9,pretrain,emk_spec_verified,stainless_PH
emk_EMK0074_67,EMK0074,EMK_spec,0.08,2.0,25.0,,20.5,1.0,0.0,,,1050.0,water,,515.0,205.0,28.0,58.8,138.9,,30.1,pretrain,emk_spec_verified,stainless_austenitic
emk_EMK0075_68,EMK0075,EMK_spec,0.08,2.0,17.0,,12.0,1.0,0.0,,,1050.0,water,,515.0,205.0,28.0,59.6,117.5,,32.3,pretrain,emk_spec_verified,stainless_austenitic
emk_EMK0076_69,EMK0076,EMK_spec,0.255,2.0,17.0,,12.0,1.0,0.0,,,1040.0,air,480.0,515.0,205.0,28.0,58.4,139.5,,30.6,pretrain,emk_spec_verified,stainless_PH
emk_EMK0077_70,EMK0077,EMK_spec,0.04,2.0,17.0,,12.0,1.0,0.0,,,1050.0,water,,485.0,170.0,28.0,56.6,88.5,,27.9,pretrain,emk_spec_verified,stainless_austenitic
emk_EMK0078_71,EMK0078,EMK_spec,0.08,2.0,19.0,3.5,13.0,1.0,0.0,,,1050.0,water,,515.0,205.0,28.0,41.0,114.8,,30.3,pretrain,emk_spec_verified,stainless_austenitic
emk_EMK0079_72,EMK0079,EMK_spec,0.035,2.0,19.0,3.5,13.0,1.0,0.0,,,1050.0,water,,515.0,205.0,28.0,48.0,88.8,,31.3,pretrain,emk_spec_verified,stainless_austenitic
emk_EMK0080_73,EMK0080,EMK_spec,0.08,2.0,18.0,,10.5,1.0,0.0,,,1050.0,water,,515.0,205.0,28.0,59.8,100.6,,32.2,pretrain,emk_spec_verified,stainless_austenitic
emk_EMK0081_74,EMK0081,EMK_spec,2.05,2.0,18.0,,10.5,1.0,0.0,,,1040.0,air,480.0,515.0,205.0,28.0,45.7,89.2,,32.4,pretrain,emk_spec_verified,stainless_PH
emk_EMK0082_75,EMK0082,EMK_spec,0.08,2.0,18.5,,10.5,1.0,0.0,,,1050.0,water,,515.0,205.0,28.0,40.5,103.5,,32.4,pretrain,emk_spec_verified,stainless_austenitic
emk_EMK0083_76,EMK0083,EMK_spec,0.07,2.0,18.0,,10.5,1.0,0.0,,,1050.0,water,,515.0,205.0,28.0,45.3,94.4,,30.7,pretrain,emk_spec_verified,stainless_austenitic
emk_EMK0084_77,EMK0084,EMK_spec,0.08,2.0,18.0,,10.0,1.0,0.0,,,1050.0,water,,515.0,205.0,28.0,57.0,145.3,,31.4,pretrain,emk_spec_verified,stainless_austenitic
emk_EMK0086_79,EMK0086,EMK_spec,0.02,2.0,21.0,4.5,25.5,1.0,0.0,,,1050.0,water,,490.0,220.0,28.0,44.2,115.2,,28.7,pretrain,emk_spec_verified,stainless_austenitic
emk_EMK0087_80,EMK0087,EMK_spec,0.02,1.0,20.0,6.25,18.0,0.8,0.0,,,1050.0,water,,650.0,300.0,28.0,29.5,32.3,,45.4,pretrain,emk_spec_verified,stainless_austenitic
emk_EMK0088_81,EMK0088,EMK_spec,0.03,2.0,19.0,4.5,15.5,1.0,0.0,,,1050.0,water,,515.0,205.0,28.0,51.2,93.6,,30.8,pretrain,emk_spec_verified,stainless_austenitic
emk_EMK0089_82,EMK0089,EMK_spec,0.03,2.0,18.5,4.5,15.5,1.0,0.0,,,1050.0,water,,550.0,240.0,28.0,49.1,138.9,,35.1,pretrain,emk_spec_verified,stainless_austenitic
emk_EMK0090_83,EMK0090,EMK_spec,0.01,0.75,26.25,1.125,0.5,0.4,0.0,0.2,,,,,450.0,275.0,20.0,42.4,97.5,,23.5,pretrain,emk_spec_verified,stainless_ferritic
emk_EMK0091_84,EMK0091,EMK_spec,0.06,0.75,26.0,1.125,0.5,0.75,0.0,0.2,,,,,470.0,310.0,20.0,56.6,134.2,,28.2,pretrain,emk_spec_verified,stainless_ferritic
emk_EMK0092_85,EMK0092,EMK_spec,0.15,1.0,12.5,,0.5,1.0,0.0,,,,,,485.0,205.0,20.0,59.9,100.7,,29.3,pretrain,emk_spec_verified,stainless_ferritic
emk_EMK0093_86,EMK0093,EMK_spec,0.12,1.0,15.0,,0.5,0.75,0.0,,,,,,415.0,240.0,20.0,40.4,147.2,,20.4,pretrain,emk_spec_verified,stainless_ferritic
emk_EMK0094_87,EMK0094,EMK_spec,0.12,1.0,17.0,,0.5,1.0,0.0,,,,,,450.0,240.0,20.0,56.4,100.4,,26.2,pretrain,emk_spec_verified,stainless_ferritic
emk_EMK0095_88,EMK0095,EMK_spec,0.1,1.0,17.75,,0.75,1.0,0.0,,,,,,415.0,240.0,20.0,53.6,99.8,,22.3,pretrain,emk_spec_verified,stainless_ferritic
emk_EMK0096_89,EMK0096,EMK_spec,0.2,1.5,25.0,,0.5,0.75,0.0,,,1000.0,oil,650.0,485.0,275.0,18.0,56.4,103.0,,27.9,pretrain,emk_spec_verified,stainless_martensitic
emk_EMK0097_90,EMK0097,EMK_spec,0.03,2.0,22.0,3.0,5.5,1.0,0.0,,,1020.0,water,,620.0,450.0,20.0,27.9,65.1,,43.1,pretrain,emk_spec_verified,stainless_duplex
emk_EMK0098_91,EMK0098,EMK_spec,0.04,5.0,21.5,0.45,1.525,1.0,0.0,0.45,,1020.0,water,,650.0,450.0,,38.3,74.6,,46.0,pretrain,emk_spec_verified,stainless_duplex
emk_EMK0099_92,EMK0099,EMK_spec,0.03,2.0,22.5,3.25,5.5,1.0,0.0,,,1020.0,water,,655.0,450.0,20.0,28.5,70.2,,47.0,pretrain,emk_spec_verified,stainless_duplex
emk_EMK0100_93,EMK0100,EMK_spec,0.03,2.0,22.75,0.45,1.5,1.0,0.0,,,1020.0,water,,650.0,450.0,,20.6,75.8,,43.7,pretrain,emk_spec_verified,stainless_duplex
emk_EMK0101_94,EMK0101,EMK_spec,0.03,2.0,27.5,1.75,4.35,0.6,0.0,,,1020.0,water,,690.0,485.0,15.0,21.8,33.1,,48.1,pretrain,emk_spec_verified,stainless_duplex
emk_EMK0102_95,EMK0102,EMK_spec,0.03,1.2,25.0,4.0,7.0,0.8,0.0,0.5,,1050.0,water,,800.0,550.0,15.0,31.6,36.0,,60.0,pretrain,emk_spec_verified,stainless_austenitic
emk_EMK0103_96,EMK0103,EMK_spec,0.03,1.0,25.0,3.5,7.0,1.0,0.0,0.75,,1050.0,water,,750.0,550.0,25.0,36.3,71.3,,54.9,pretrain,emk_spec_verified,stainless_austenitic
emk_EMK0104_97,EMK0104,EMK_spec,0.04,1.5,25.5,3.4,5.5,1.0,0.0,2.0,,1020.0,water,,760.0,550.0,15.0,27.1,54.5,,56.8,pretrain,emk_spec_verified,stainless_duplex
emk_EMK0105_98,EMK0105,EMK_spec,0.03,1.0,25.0,3.0,7.0,0.8,0.0,0.5,,1050.0,water,,800.0,550.0,15.0,34.4,78.0,,59.4,pretrain,emk_spec_verified,stainless_austenitic
emk_EMK0106_99,EMK0106,EMK_spec,0.08,1.0,12.5,,0.6,1.0,0.0,,,,,,415.0,205.0,22.0,45.6,110.1,,22.8,pretrain,emk_spec_verified,stainless_ferritic
emk_EMK0107_100,EMK0107,EMK_spec,0.05,0.75,12.75,0.75,4.5,0.03,0.0,,,1020.0,water,,760.0,620.0,15.0,27.8,36.0,,56.1,pretrain,emk_spec_verified,stainless_duplex
emk_EMK0111_104,EMK0111,EMK_spec,0.15,0.455,0.655,0.545,,0.2,0.0,,,870.0,air,620.0,380.0,205.0,20.0,43.3,101.7,,21.8,pretrain,emk_spec_verified,low_alloy_normalized
emk_EMK0112_105,EMK0112,EMK_spec,0.15,0.45,5.0,0.55,0.5,0.5,0.0,,,870.0,air,620.0,415.0,205.0,20.0,57.9,92.1,,21.0,pretrain,emk_spec_verified,low_alloy_normalized
emk_EMK0113_106,EMK0113,EMK_spec,0.15,0.45,5.0,0.55,,1.5,0.0,,,870.0,air,620.0,415.0,205.0,20.0,47.0,149.4,,20.9,pretrain,emk_spec_verified,low_alloy_normalized
emk_EMK0114_107,EMK0114,EMK_spec,0.12,0.45,5.0,0.55,,0.5,0.0,,,870.0,air,620.0,415.0,205.0,20.0,55.3,110.9,,22.4,pretrain,emk_spec_verified,low_alloy_normalized
emk_EMK0115_108,EMK0115,EMK_spec,0.15,0.45,9.0,1.0,,0.625,0.0,,,870.0,air,620.0,415.0,205.0,20.0,44.2,138.3,,22.3,pretrain,emk_spec_verified,low_alloy_normalized
emk_EMK0116_109,EMK0116,EMK_spec,0.1,0.45,1.25,0.545,,0.75,0.0,,,870.0,air,620.0,415.0,205.0,20.0,43.4,144.4,,22.3,pretrain,emk_spec_verified,low_alloy_normalized
emk_EMK0117_110,EMK0117,EMK_spec,0.1,0.455,1.025,0.545,,0.5,0.0,,,870.0,air,620.0,415.0,220.0,20.0,50.6,103.2,,23.4,pretrain,emk_spec_verified,low_alloy_normalized
emk_EMK0119_112,EMK0119,EMK_spec,0.1,0.45,3.0,0.93,,0.5,0.0,,,870.0,air,620.0,415.0,205.0,20.0,57.5,113.7,,20.2,pretrain,emk_spec_verified,low_alloy_normalized
emk_EMK0120_113,EMK0120,EMK_spec,0.1,0.45,2.25,1.0,,0.5,0.02,,,870.0,air,620.0,415.0,205.0,20.0,55.3,129.9,,21.0,pretrain,emk_spec_verified,low_alloy_normalized
emk_EMK0121_114,EMK0121,EMK_spec,0.07,0.35,2.25,0.175,0.4,0.5,0.25,,0.03,870.0,air,620.0,510.0,400.0,15.0,50.3,147.5,,32.2,pretrain,emk_spec_verified,low_alloy_normalized
emk_EMK0122_115,EMK0122,EMK_spec,0.075,0.5,2.4,1.0,,0.3,0.25,,0.02,870.0,air,620.0,415.0,205.0,20.0,52.1,131.8,,23.1,pretrain,emk_spec_verified,low_alloy_normalized
emk_EMK0124_116,EMK0124,EMK_spec,0.1,0.45,8.75,0.95,0.4,0.35,0.215,,0.02,870.0,air,620.0,585.0,415.0,13.0,52.0,140.4,,40.1,pretrain,emk_spec_verified,low_alloy_normalized
emk_EMK0125_117,EMK0125,EMK_spec,0.1,0.45,9.0,0.45,0.4,0.5,0.2,,0.02,870.0,air,620.0,620.0,440.0,13.0,24.1,61.1,,42.7,pretrain,emk_spec_verified,low_alloy_normalized
emk_EMK0126_118,EMK0126,EMK_spec,0.105,0.7,10.75,0.425,0.5,0.5,0.225,1.0,0.02,,,,620.0,400.0,13.0,27.3,50.4,,41.8,pretrain,emk_spec_verified,stainless_ferritic
emk_EMK0127_119,EMK0127,EMK_spec,0.11,0.45,9.0,1.0,0.4,0.3,0.215,,0.02,870.0,air,620.0,620.0,440.0,13.0,20.4,43.8,,41.5,pretrain,emk_spec_verified,low_alloy_normalized
emk_EMK0128_120,EMK0128,EMK_spec,0.08,2.0,19.0,,9.5,1.0,0.0,,,1050.0,water,,515.0,205.0,25.0,40.3,119.8,,31.1,pretrain,emk_spec_verified,stainless_austenitic
emk_EMK0129_121,EMK0129,EMK_spec,0.08,2.0,19.0,,9.5,1.0,0.0,,,1050.0,water,,550.0,240.0,25.0,40.1,119.5,,37.0,pretrain,emk_spec_verified,stainless_austenitic
emk_EMK0130_122,EMK0130,EMK_spec,0.08,2.0,23.0,0.75,13.5,1.0,0.0,,,1050.0,water,,515.0,205.0,25.0,48.0,144.2,,30.2,pretrain,emk_spec_verified,stainless_austenitic
emk_EMK0131_123,EMK0131,EMK_spec,0.07,2.0,23.0,,13.5,1.0,0.0,,,1050.0,water,,515.0,205.0,25.0,45.5,83.6,,33.1,pretrain,emk_spec_verified,stainless_austenitic
emk_EMK0132_124,EMK0132,EMK_spec,0.07,2.0,19.0,,9.5,1.0,0.0,,,1050.0,water,,515.0,205.0,25.0,42.6,119.3,,30.4,pretrain,emk_spec_verified,stainless_austenitic
emk_EMK0133_125,EMK0133,EMK_spec,0.04,2.0,19.0,,10.5,1.0,0.0,,,1050.0,water,,485.0,170.0,25.0,57.6,134.4,,28.0,pretrain,emk_spec_verified,stainless_austenitic
emk_EMK0134_126,EMK0134,EMK_spec,0.03,2.0,19.0,,10.0,1.0,0.0,,,1050.0,water,,515.0,205.0,25.0,45.8,126.2,,33.4,pretrain,emk_spec_verified,stainless_austenitic
emk_EMK0135_127,EMK0135,EMK_spec,0.08,2.0,23.0,,14.0,1.0,0.0,,,1050.0,water,,515.0,205.0,25.0,49.2,145.8,,32.1,pretrain,emk_spec_verified,stainless_austenitic
emk_EMK0136_128,EMK0136,EMK_spec,0.07,2.0,23.0,0.75,14.0,1.0,0.0,,,1050.0,water,,515.0,205.0,25.0,53.0,138.2,,30.1,pretrain,emk_spec_verified,stainless_austenitic
emk_EMK0137_129,EMK0137,EMK_spec,0.08,2.0,25.0,0.75,20.5,1.0,0.0,,,1050.0,water,,515.0,205.0,25.0,45.1,90.2,,32.7,pretrain,emk_spec_verified,stainless_austenitic
emk_EMK0138_130,EMK0138,EMK_spec,0.07,2.0,25.0,,20.5,1.0,0.0,,,1050.0,water,,515.0,205.0,25.0,48.1,134.2,,30.2,pretrain,emk_spec_verified,stainless_austenitic
emk_EMK0139_131,EMK0139,EMK_spec,0.08,2.0,25.0,0.75,20.5,1.0,0.0,,,1050.0,water,,515.0,205.0,25.0,58.5,89.1,,29.5,pretrain,emk_spec_verified,stainless_austenitic
emk_EMK0140_132,EMK0140,EMK_spec,0.07,2.0,25.0,0.75,20.5,1.0,0.0,,,1050.0,water,,515.0,205.0,25.0,53.6,110.6,,30.3,pretrain,emk_spec_verified,stainless_austenitic
emk_EMK0141_133,EMK0141,EMK_spec,0.08,2.0,17.0,2.5,12.0,1.0,0.0,,,1050.0,water,,515.0,205.0,25.0,55.8,132.4,,30.5,pretrain,emk_spec_verified,stainless_austenitic
emk_EMK0142_134,EMK0142,EMK_spec,0.04,2.0,17.0,2.5,12.0,1.0,0.0,,,1050.0,water,,485.0,170.0,25.0,45.3,145.1,,27.7,pretrain,emk_spec_verified,stainless_austenitic
emk_EMK0143_135,EMK0143,EMK_spec,0.07,2.0,17.0,2.5,12.0,1.0,0.0,,,1050.0,water,,515.0,205.0,25.0,51.8,82.1,,31.2,pretrain,emk_spec_verified,stainless_austenitic
emk_EMK0144_136,EMK0144,EMK_spec,0.08,2.0,17.0,2.5,12.0,0.75,0.0,,,1050.0,water,,515.0,205.0,25.0,58.3,132.0,,31.6,pretrain,emk_spec_verified,stainless_austenitic
emk_EMK0145_137,EMK0145,EMK_spec,0.08,2.0,17.0,2.5,12.0,1.0,0.0,,,1050.0,water,,550.0,240.0,25.0,57.9,113.2,,34.2,pretrain,emk_spec_verified,stainless_austenitic
emk_EMK0146_138,EMK0146,EMK_spec,0.04,2.0,17.0,2.5,12.0,1.0,0.0,,,1050.0,water,,515.0,205.0,25.0,40.9,89.5,,30.9,pretrain,emk_spec_verified,stainless_austenitic
emk_EMK0147_139,EMK0147,EMK_spec,0.08,2.0,19.0,3.5,12.5,1.0,0.0,,,1050.0,water,,515.0,205.0,25.0,40.8,130.9,,30.8,pretrain,emk_spec_verified,stainless_austenitic
emk_EMK0148_140,EMK0148,EMK_spec,0.035,2.0,19.0,3.5,13.0,1.0,0.0,,,1050.0,water,,515.0,205.0,25.0,52.9,91.0,,30.1,pretrain,emk_spec_verified,stainless_austenitic
emk_EMK0149_141,EMK0149,EMK_spec,0.08,2.0,18.0,,10.5,1.0,0.0,,,1050.0,water,,515.0,205.0,35.0,41.1,94.5,,29.6,pretrain,emk_spec_verified,stainless_austenitic
emk_EMK0150_142,EMK0150,EMK_spec,0.07,2.0,18.0,,10.5,1.0,0.0,,,1050.0,water,,515.0,205.0,35.0,52.5,107.6,,29.7,pretrain,emk_spec_verified,stainless_austenitic
emk_EMK0151_143,EMK0151,EMK_spec,0.08,2.0,18.0,,11.0,1.0,0.0,,,1050.0,water,,515.0,205.0,25.0,43.4,139.7,,32.6,pretrain,emk_spec_verified,stainless_austenitic
emk_EMK0152_144,EMK0152,EMK_spec,0.07,2.0,18.0,,11.0,1.0,0.0,,,1050.0,water,,515.0,205.0,25.0,59.4,143.6,,32.3,pretrain,emk_spec_verified,stainless_austenitic
emk_EMK0153_145,EMK0153,EMK_spec,0.0125,2.0,18.0,,11.0,1.0,0.0,,,1050.0,water,,515.0,205.0,25.0,58.7,119.0,,31.9,pretrain,emk_spec_verified,stainless_austenitic
emk_EMK0154_146,EMK0154,EMK_spec,0.08,2.0,18.0,,11.0,1.0,0.0,,,1050.0,water,,515.0,205.0,25.0,52.6,86.9,,32.7,pretrain,emk_spec_verified,stainless_austenitic
emk_EMK0155_147,EMK0155,EMK_spec,0.07,2.0,18.0,,11.0,1.0,0.0,,,1050.0,water,,515.0,205.0,25.0,57.5,132.9,,32.2,pretrain,emk_spec_verified,stainless_austenitic
emk_EMK0156_148,EMK0156,EMK_spec,0.08,2.0,18.0,,10.5,1.0,0.0,,,1050.0,water,,515.0,205.0,40.0,48.8,96.8,,70.0,pretrain,emk_spec_verified,stainless_austenitic
emk_EMK0157_149,EMK0157,EMK_spec,0.12,9.5,15.25,,1.25,0.75,0.0,2.0,,1020.0,water,,640.0,310.0,,36.6,51.4,,70.0,pretrain,emk_spec_verified,stainless_duplex
emk_EMK0158_150,EMK0158,EMK_spec,0.08,1.0,11.1,,0.5,1.0,0.0,,,,,,400.0,205.0,20.0,56.1,138.7,,70.0,pretrain,emk_spec_verified,stainless_ferritic
emk_EMK0159_151,EMK0159,EMK_spec,0.08,2.0,25.0,,20.5,1.5,0.0,,,1050.0,water,,515.0,205.0,40.0,56.8,144.8,,70.0,pretrain,emk_spec_verified,stainless_austenitic
emk_EMK0166_158,EMK0166,EMK_spec,0.15,1.0,12.5,,0.6,1.0,0.0,,,,,,500.0,290.0,30.0,56.4,115.7,,38.0,pretrain,emk_spec_verified,stainless_ferritic
emk_EMK0167_159,EMK0167,EMK_spec,0.08,2.0,19.0,,9.25,1.0,0.0,,,1050.0,water,,515.0,205.0,40.0,51.6,141.7,,70.0,pretrain,emk_spec_verified,stainless_austenitic
emk_EMK0168_160,EMK0168,EMK_spec,0.03,2.0,17.0,2.5,12.0,1.0,0.0,,,1050.0,water,,485.0,170.0,40.0,58.3,103.5,,70.0,pretrain,emk_spec_verified,stainless_austenitic
emk_EMK0169_161,EMK0169,EMK_spec,0.03,2.0,19.0,,10.0,0.75,0.0,,,1050.0,water,,485.0,170.0,40.0,55.1,124.5,,70.0,pretrain,emk_spec_verified,stainless_austenitic
emk_EMK0174_162,EMK0174,EMK_spec,0.105,0.455,8.75,0.95,0.43,0.37,0.215,,0.02,870.0,air,620.0,585.0,415.0,18.0,59.2,125.1,,37.3,pretrain,emk_spec_verified,low_alloy_normalized
emk_EMK0175_163,EMK0175,EMK_spec,0.15,2.0,18.0,,9.0,1.0,0.0,,,1050.0,water,,500.0,205.0,50.0,55.1,88.4,,70.0,pretrain,emk_spec_verified,stainless_austenitic
emk_EMK0176_164,EMK0176,EMK_spec,0.12,2.0,18.0,,11.75,1.0,0.0,,,1050.0,water,,485.0,170.0,40.0,43.1,102.8,,70.0,pretrain,emk_spec_verified,stainless_austenitic
emk_EMK0177_165,EMK0177,EMK_spec,0.15,2.0,17.0,,7.0,1.0,0.0,,,1050.0,water,,515.0,205.0,40.0,42.1,87.1,,70.0,pretrain,emk_spec_verified,stainless_austenitic
emk_EMK0178_166,EMK0178,EMK_spec,0.03,2.0,17.0,,7.0,1.0,0.0,,,1050.0,water,,550.0,240.0,45.0,42.0,127.3,,70.0,pretrain,emk_spec_verified,stainless_austenitic
emk_EMK0179_167,EMK0179,EMK_spec,0.035,2.0,19.0,3.5,13.0,1.0,0.0,,,1050.0,water,,500.0,200.0,40.0,58.4,130.6,,70.0,pretrain,emk_spec_verified,stainless_austenitic
emk_EMK0180_168,EMK0180,EMK_spec,0.03,2.0,19.0,,10.0,1.0,0.0,,,1050.0,water,,515.0,205.0,35.0,49.5,115.6,,70.0,pretrain,emk_spec_verified,stainless_austenitic
emk_EMK0181_169,EMK0181,EMK_spec,0.07,2.0,19.0,,9.5,1.0,0.0,,,1050.0,water,,515.0,205.0,35.0,56.0,143.7,,70.0,pretrain,emk_spec_verified,stainless_austenitic
emk_EMK0182_170,EMK0182,EMK_spec,0.03,2.0,17.0,2.5,12.0,1.0,0.0,,,1050.0,water,,485.0,205.0,30.0,50.0,110.4,,28.2,pretrain,emk_spec_verified,stainless_austenitic
emk_EMK0183_171,EMK0183,EMK_spec,0.03,2.0,18.5,4.5,15.5,1.0,0.0,,,1050.0,water,,550.0,240.0,40.0,50.0,82.5,,35.6,pretrain,emk_spec_verified,stainless_austenitic
emk_EMK0184_172,EMK0184,EMK_spec,0.3,1.28,0.5,0.2,0.5,0.6,0.03,0.3,,870.0,air,620.0,485.0,250.0,,36.0,105.4,,28.2,pretrain,emk_spec_verified,low_alloy_normalized
emk_EMK0185_173,EMK0185,EMK_spec,0.05,0.8,21.0,,11.0,1.7,0.0,,,1050.0,water,,600.0,310.0,40.0,50.0,67.5,,70.0,pretrain,emk_spec_verified,stainless_austenitic
emk_EMK0186_174,EMK0186,EMK_spec,0.2,0.55,5.25,0.55,0.5,0.75,0.0,0.5,,870.0,air,620.0,620.0,415.0,18.0,35.0,42.0,,42.6,pretrain,emk_spec_verified,low_alloy_normalized
emk_EMK0187_175,EMK0187,EMK_spec,0.2,0.5,9.0,1.05,0.5,1.0,0.0,0.5,,870.0,air,620.0,620.0,415.0,18.0,35.0,46.9,,43.4,pretrain,emk_spec_verified,low_alloy_normalized
emk_EMK0188_176,EMK0188,EMK_spec,0.25,0.65,0.35,0.55,0.5,0.6,0.0,0.5,,870.0,air,620.0,450.0,240.0,,35.0,80.7,,25.2,pretrain,emk_spec_verified,low_alloy_normalized
emk_EMK0189_177,EMK0189,EMK_spec,0.125,0.65,1.25,0.55,0.5,0.6,0.0,0.5,,870.0,air,620.0,485.0,275.0,20.0,35.0,126.2,,27.4,pretrain,emk_spec_verified,low_alloy_normalized
emk_EMK0190_178,EMK0190,EMK_spec,0.115,0.55,2.375,1.05,0.5,0.6,0.0,0.5,,870.0,air,620.0,485.0,275.0,20.0,35.0,109.1,,27.3,pretrain,emk_spec_verified,low_alloy_normalized
emk_EMK0191_179,EMK0191,EMK_spec,0.43,0.875,0.95,0.2,,0.25,0.0,,,850.0,oil,580.0,860.0,725.0,18.0,50.0,65.2,,65.0,pretrain,emk_spec_verified,low_alloy_QT
emk_EMK0192_180,EMK0192,EMK_spec,0.38,0.875,0.95,0.2,,0.25,0.0,,,850.0,oil,580.0,690.0,550.0,18.0,50.0,75.9,,47.7,pretrain,emk_spec_verified,low_alloy_QT
emk_EMK0193_181,EMK0193,EMK_spec,0.405,0.75,0.8,0.25,1.8,0.25,0.0,,,850.0,oil,580.0,860.0,725.0,18.0,50.0,45.8,,63.1,pretrain,emk_spec_verified,low_alloy_QT
emk_EMK0205_185,EMK0205,EMK_spec,0.3,1.0,0.5,0.2,0.5,0.6,0.03,0.3,,870.0,air,620.0,450.0,240.0,,35.0,94.5,,24.9,pretrain,emk_spec_verified,low_alloy_normalized
emk_EMK0207_187,EMK0207,EMK_spec,0.115,1.0,12.5,,,1.0,0.0,,,,,,760.0,585.0,15.0,50.0,33.1,,56.1,pretrain,emk_spec_verified,stainless_ferritic
emk_EMK0209_188,EMK0209,EMK_spec,0.39,0.875,0.95,0.2,,0.25,0.0,,,850.0,oil,580.0,690.0,515.0,18.0,50.0,65.3,,70.0,pretrain,emk_spec_verified,low_alloy_QT
emk_EMK0229_191,EMK0229,EMK_spec,0.08,2.0,19.0,,9.5,1.0,0.0,,,1050.0,water,,515.0,205.0,30.0,50.0,134.9,,29.9,pretrain,emk_spec_verified,stainless_austenitic
emk_EMK0230_192,EMK0230,EMK_spec,0.08,2.0,17.0,2.5,12.0,1.0,0.0,,,1050.0,water,,515.0,205.0,30.0,50.0,134.5,,30.0,pretrain,emk_spec_verified,stainless_austenitic
emk_EMK0231_193,EMK0231,EMK_spec,0.08,2.0,18.0,,10.5,1.0,0.0,,,1050.0,water,,515.0,205.0,30.0,50.0,82.2,,32.3,pretrain,emk_spec_verified,stainless_austenitic
emk_EMK0232_194,EMK0232,EMK_spec,0.08,2.0,18.0,,10.5,1.0,0.0,,,1050.0,water,,515.0,205.0,30.0,50.0,120.2,,30.9,pretrain,emk_spec_verified,stainless_austenitic
emk_EMK0238_196,EMK0238,EMK_spec,0.08,2.0,14.75,1.25,25.5,1.0,0.3,,0.35,1050.0,water,,895.0,585.0,15.0,18.0,30.7,,65.6,pretrain,emk_spec_verified,stainless_austenitic
emk_EMK0239_197,EMK0239,EMK_spec,0.15,1.0,12.3,,,0.5,0.0,,,,,,485.0,310.0,25.0,50.2,146.1,,70.0,pretrain,emk_spec_verified,stainless_ferritic
emk_EMK0240_198,EMK0240,EMK_spec,0.15,0.3,17.7,,,0.55,0.0,,,,,,520.0,360.0,24.0,43.6,127.0,,70.0,pretrain,emk_spec_verified,stainless_ferritic
emk_EMK0241_199,EMK0241,EMK_spec,0.07,1.0,16.25,,,1.0,0.0,4.0,,,,,1105.0,1000.0,,16.0,20.5,,70.0,pretrain,emk_spec_verified,stainless_ferritic
emk_EMK0241_200,EMK0241,EMK_spec,0.07,1.0,16.25,,,1.0,0.0,4.0,,,,,1310.0,1170.0,,7.9,16.6,,70.0,pretrain,emk_spec_verified,stainless_ferritic
emk_EMK0242_201,EMK0242,EMK_spec,0.21,0.8,17.0,,2.0,0.8,0.0,0.3,,1020.0,water,,940.0,750.0,19.0,37.8,38.7,,63.9,pretrain,emk_spec_verified,stainless_duplex
emk_EMK0243_202,EMK0243,EMK_spec,0.12,9.25,17.0,,4.0,0.8,0.0,,,1020.0,water,,620.0,260.0,,25.8,57.9,,43.7,pretrain,emk_spec_verified,stainless_duplex
emk_EMK0244_203,EMK0244,EMK_spec,0.21,0.8,17.0,,2.0,0.8,0.0,0.3,,1020.0,water,,758.0,448.0,,31.6,38.1,,70.0,pretrain,emk_spec_verified,stainless_duplex
emk_EMK0247_204,EMK0247,EMK_spec,0.12,1.0,15.0,,,1.0,0.0,,,,,,450.0,205.0,22.0,51.5,132.8,,70.0,pretrain,emk_spec_verified,stainless_ferritic
emk_EMK0248_205,EMK0248,EMK_spec,0.15,1.25,13.0,,,1.0,0.0,,,,,,650.0,350.0,8.0,37.2,34.3,,43.8,pretrain,emk_spec_verified,stainless_ferritic
emk_EMK0249_206,EMK0249,EMK_spec,0.15,1.0,13.0,0.6,,1.0,0.0,,,,,,655.0,380.0,22.0,28.6,43.1,,70.0,pretrain,emk_spec_verified,stainless_ferritic
emk_EMK0251_208,EMK0251,EMK_spec,1.075,1.0,17.0,0.75,1.0,1.0,0.0,,,1000.0,oil,650.0,785.0,420.0,15.0,25.2,79.3,,24.0,pretrain,emk_spec_verified,stainless_martensitic
emk_EMK0253_209,EMK0253,EMK_spec,0.03,1.0,18.0,,,1.0,0.0,,,,,,420.0,200.0,18.0,57.3,105.2,,70.0,pretrain,emk_spec_verified,stainless_ferritic
emk_EMK0254_210,EMK0254,EMK_spec,0.12,1.25,17.0,,,1.0,0.0,,,,,,540.0,310.0,23.0,46.2,107.4,,70.0,pretrain,emk_spec_verified,stainless_ferritic
emk_EMK0255_211,EMK0255,EMK_spec,0.03,1.0,18.0,,0.5,1.0,0.0,,0.15,,,,538.0,441.0,32.0,44.0,143.2,,70.0,pretrain,emk_spec_verified,stainless_ferritic
emk_EMK0256_212,EMK0256,EMK_spec,0.05,2.0,26.5,1.65,5.5,1.0,0.0,,,1020.0,water,,620.0,450.0,20.0,29.3,77.7,,70.0,pretrain,emk_spec_verified,stainless_duplex
emk_EMK0257_213,EMK0257,EMK_spec,0.03,1.5,25.0,4.0,6.75,0.8,0.0,1.25,,1050.0,water,,770.0,550.0,25.0,20.5,78.4,,70.0,pretrain,emk_spec_verified,stainless_austenitic
emk_EMK0258_214,EMK0258,EMK_spec,0.2,1.5,25.0,,0.75,1.0,0.0,,,1000.0,oil,650.0,450.0,250.0,15.0,44.3,133.8,,70.0,pretrain,emk_spec_verified,stainless_martensitic
emk_EMK0259_215,EMK0259,EMK_spec,0.12,1.0,24.5,,,1.05,0.0,,1.45,,,,520.0,280.0,10.0,55.6,145.8,,70.0,pretrain,emk_spec_verified,stainless_ferritic
emk_EMK0260_216,EMK0260,EMK_spec,0.03,2.5,23.0,0.325,4.25,1.0,0.0,0.325,,1020.0,water,,430.0,400.0,,50.9,86.4,,70.0,pretrain,emk_spec_verified,stainless_duplex
emk_EMK0261_217,EMK0261,EMK_spec,0.04,1.5,25.5,3.4,5.25,,0.0,2.0,,1020.0,water,,980.0,520.0,24.0,31.5,40.3,,70.0,pretrain,emk_spec_verified,stainless_duplex
emk_EMK0264_218,EMK0264,EMK_spec,0.405,0.7,0.8,0.25,1.825,,0.0,,,850.0,oil,580.0,745.0,470.0,22.0,50.0,76.8,,70.0,pretrain,emk_spec_verified,low_alloy_QT
emk_EMK0267_221,EMK0267,EMK_spec,0.405,0.7,0.8,0.25,1.825,,0.0,,,850.0,oil,580.0,1448.0,897.8,,13.5,,,70.0,pretrain,emk_spec_verified,low_alloy_QT
emk_EMK0270_224,EMK0270,EMK_spec,0.07,0.08,18.0,,0.5,0.08,0.0,0.3,,,,,515.0,205.0,,49.9,107.4,,70.0,pretrain,emk_spec_verified,stainless_ferritic
emk_EMK0272_225,EMK0272,EMK_spec,0.08,1.5,19.5,0.5,9.5,2.0,0.0,,,1050.0,water,,485.0,205.0,35.0,41.5,88.5,,27.9,pretrain,emk_spec_verified,stainless_austenitic
emk_EMK0273_226,EMK0273,EMK_spec,0.08,1.5,19.5,2.5,10.5,1.5,0.0,,,1050.0,water,,485.0,205.0,30.0,56.6,133.0,,27.4,pretrain,emk_spec_verified,stainless_austenitic
emk_EMK0274_227,EMK0274,EMK_spec,0.03,1.5,19.0,0.5,10.0,2.0,0.0,,,1050.0,water,,485.0,205.0,35.0,40.2,92.9,,28.4,pretrain,emk_spec_verified,stainless_austenitic
emk_EMK0275_228,EMK0275,EMK_spec,0.03,1.5,19.0,2.5,11.0,1.5,0.0,,,1050.0,water,,485.0,205.0,30.0,55.6,105.9,,27.2,pretrain,emk_spec_verified,stainless_austenitic
emk_EMK0276_229,EMK0276,EMK_spec,0.03,1.5,19.5,3.0,11.0,1.5,0.0,,,1050.0,water,,515.0,240.0,25.0,47.7,114.5,,29.8,pretrain,emk_spec_verified,stainless_austenitic
emk_EMK0277_230,EMK0277,EMK_spec,0.08,1.5,19.5,0.5,10.5,2.0,0.0,,,1050.0,water,,485.0,205.0,30.0,49.1,98.0,,29.4,pretrain,emk_spec_verified,stainless_austenitic
emk_EMK0278_231,EMK0278,EMK_spec,0.03,2.0,21.0,6.5,24.5,1.0,0.0,,,1050.0,water,,655.0,310.0,30.0,50.0,66.1,,43.8,pretrain,emk_spec_verified,stainless_austenitic
emk_EMK0279_232,EMK0279,EMK_spec,0.07,1.5,19.5,0.5,9.5,2.0,0.0,,,1050.0,water,,485.0,205.0,35.0,47.0,123.5,,28.5,pretrain,emk_spec_verified,stainless_austenitic
emk_EMK0280_233,EMK0280,EMK_spec,0.07,1.5,19.5,2.5,10.5,1.5,0.0,,,1050.0,water,,485.0,205.0,30.0,57.6,128.2,,30.1,pretrain,emk_spec_verified,stainless_austenitic
emk_EMK0281_234,EMK0281,EMK_spec,0.07,2.0,20.0,2.5,35.0,1.0,0.0,3.5,,1050.0,water,,550.0,240.0,30.0,50.0,135.2,,34.5,pretrain,emk_spec_verified,stainless_austenitic
emk_EMK0282_235,EMK0282,EMK_spec,0.08,1.5,19.5,3.5,11.0,1.5,0.0,,,1050.0,water,,515.0,240.0,25.0,41.5,105.8,,32.3,pretrain,emk_spec_verified,stainless_austenitic
emk_EMK0283_236,EMK0283,EMK_spec,0.12,1.5,25.0,0.5,20.5,1.75,0.0,,,1050.0,water,,450.0,195.0,30.0,50.6,110.2,,25.5,pretrain,emk_spec_verified,stainless_austenitic
emk_EMK0284_237,EMK0284,EMK_spec,0.03,2.0,21.0,6.5,24.5,1.0,0.0,,,1050.0,water,,550.0,260.0,35.0,57.4,80.9,,34.0,pretrain,emk_spec_verified,stainless_austenitic
emk_EMK0285_238,EMK0285,EMK_spec,0.07,1.5,20.5,,29.0,1.5,0.0,3.5,,1050.0,water,,425.0,170.0,35.0,40.6,105.5,,23.4,pretrain,emk_spec_verified,stainless_austenitic
emk_EMK0287_239,EMK0287,EMK_spec,0.025,1.2,20.0,6.5,18.5,1.0,0.0,0.75,,1050.0,water,,550.0,260.0,35.0,54.9,84.3,,35.3,pretrain,emk_spec_verified,stainless_austenitic
emk_EMK0288_240,EMK0288,EMK_spec,0.15,1.0,12.75,0.5,1.0,1.5,0.0,,,,,,620.0,450.0,18.0,29.8,31.1,,44.0,pretrain,emk_spec_verified,stainless_ferritic
emk_EMK0289_241,EMK0289,EMK_spec,0.04,1.0,25.5,2.0,5.35,1.0,0.0,3.0,,1020.0,water,,690.0,485.0,16.0,36.0,44.8,,48.8,pretrain,emk_spec_verified,stainless_duplex
emk_EMK0291_242,EMK0291,EMK_spec,0.08,1.0,24.0,3.75,9.5,1.5,0.0,,,1050.0,water,,655.0,450.0,25.0,26.6,34.9,,46.5,pretrain,emk_spec_verified,stainless_austenitic
emk_EMK0292_243,EMK0292,EMK_spec,0.03,1.5,22.25,3.0,5.5,1.0,0.0,1.0,,1020.0,water,,620.0,415.0,25.0,21.7,45.9,,41.9,pretrain,emk_spec_verified,stainless_duplex
emk_EMK0293_244,EMK0293,EMK_spec,0.03,1.5,25.0,4.5,7.0,1.0,0.0,,,1050.0,water,,690.0,515.0,18.0,27.6,40.7,,48.7,pretrain,emk_spec_verified,stainless_austenitic
emk_EMK0294_245,EMK0294,EMK_spec,0.04,1.0,25.5,,5.375,1.0,0.0,3.0,,1020.0,water,,690.0,485.0,17.0,26.1,34.5,,50.0,pretrain,emk_spec_verified,stainless_duplex
emk_EMK0295_246,EMK0295,EMK_spec,0.03,1.0,25.0,3.5,7.5,1.0,0.0,,,1050.0,water,,690.0,450.0,25.0,33.4,49.2,,48.3,pretrain,emk_spec_verified,stainless_austenitic
emk_EMK0296_247,EMK0296,EMK_spec,0.125,0.55,0.7,1.05,0.8,0.6,0.0,0.5,,870.0,air,620.0,485.0,275.0,,35.0,116.7,,29.3,pretrain,emk_spec_verified,low_alloy_normalized
emk_EMK0297_248,EMK0297,EMK_spec,0.1,0.45,8.75,0.95,0.4,0.35,0.215,,,870.0,air,620.0,585.0,415.0,18.0,45.0,145.6,,38.9,pretrain,emk_spec_verified,low_alloy_normalized
emk_EMK0301_252,EMK0301,EMK_spec,0.25,1.4,0.5,0.2,0.5,0.6,0.03,0.3,,870.0,air,620.0,485.0,275.0,,35.0,126.2,,28.8,pretrain,emk_spec_verified,low_alloy_normalized
emk_EMK0303_254,EMK0303,EMK_spec,0.15,1.0,12.5,0.5,1.5,1.0,0.0,0.5,,1020.0,water,,760.0,620.0,16.0,45.0,30.8,,70.0,pretrain,emk_spec_verified,stainless_duplex
emk_EMK0304_255,EMK0304,EMK_spec,0.355,0.55,0.655,0.545,,0.35,0.0,,,850.0,oil,580.0,485.0,275.0,20.0,30.0,83.0,,70.0,pretrain,emk_spec_verified,low_alloy_QT
emk_EMK0305_256,EMK0305,EMK_spec,0.25,0.6,5.0,0.545,0.5,0.5,0.0,,,870.0,air,620.0,620.0,450.0,,50.0,43.3,,70.0,pretrain,emk_spec_verified,low_alloy_normalized
emk_EMK0307_257,EMK0307,EMK_spec,0.03,2.0,25.0,2.5,22.0,0.4,0.0,,,1050.0,water,,540.0,255.0,25.0,40.0,102.6,,32.2,pretrain,emk_spec_verified,stainless_austenitic
emk_EMK0314_262,EMK0314,EMK_spec,0.12,2.0,18.0,0.5,10.0,0.8,0.2,0.4,,1050.0,water,,515.0,205.0,40.0,44.8,101.6,,70.0,pretrain,emk_spec_verified,stainless_austenitic
emk_EMK0315_263,EMK0315,EMK_spec,0.1,8.0,17.0,,8.5,4.0,0.0,,,1050.0,water,,655.0,345.0,35.0,55.0,67.0,,70.0,pretrain,emk_spec_verified,stainless_austenitic
emk_EMK0317_264,EMK0317,EMK_spec,0.025,2.0,25.0,2.5,22.0,0.04,0.0,,,1050.0,water,,580.0,270.0,25.0,53.0,81.3,,70.0,pretrain,emk_spec_verified,stainless_austenitic
emk_EMK0317_265,EMK0317,EMK_spec,0.025,2.0,25.0,2.5,22.0,0.04,0.0,,,1050.0,water,,540.0,255.0,25.0,44.0,126.0,,70.0,pretrain,emk_spec_verified,stainless_austenitic
emk_EMK0319_266,EMK0319,EMK_spec,0.405,0.775,0.8,0.25,1.775,0.25,0.0,,,850.0,oil,580.0,825.0,725.0,15.0,50.0,47.0,,70.0,pretrain,emk_spec_verified,low_alloy_QT
emk_EMK0319_267,EMK0319,EMK_spec,0.405,0.775,0.8,0.25,1.775,0.25,0.0,,,850.0,oil,580.0,690.0,15.0,,35.6,79.5,,47.0,pretrain,emk_spec_verified,low_alloy_QT
emk_EMK0319_268,EMK0319,EMK_spec,0.405,0.775,0.8,0.25,1.775,0.25,0.0,,,850.0,oil,580.0,930.0,825.0,13.0,45.0,47.0,,70.0,pretrain,emk_spec_verified,low_alloy_QT
emk_EMK0319_269,EMK0319,EMK_spec,0.405,0.775,0.8,0.25,1.775,0.25,0.0,,,850.0,oil,580.0,825.0,13.0,,29.4,36.8,,47.0,pretrain,emk_spec_verified,low_alloy_QT
emk_EMK0319_270,EMK0319,EMK_spec,0.405,0.775,0.8,0.25,1.775,0.25,0.0,,,850.0,oil,580.0,895.0,12.0,,21.0,53.0,,41.0,pretrain,emk_spec_verified,low_alloy_QT
emk_EMK0319_271,EMK0319,EMK_spec,0.405,0.775,0.8,0.25,1.775,0.25,0.0,,,850.0,oil,580.0,965.0,11.0,,32.0,35.9,,63.8,pretrain,emk_spec_verified,low_alloy_QT
emk_EMK0319_272,EMK0319,EMK_spec,0.405,0.775,0.8,0.25,1.775,0.25,0.0,,,850.0,oil,580.0,1035.0,10.0,,14.2,30.0,,63.7,pretrain,emk_spec_verified,low_alloy_QT
emk_EMK0320_273,EMK0320,EMK_spec,0.405,0.8,0.825,0.35,1.825,0.25,0.0,,,850.0,oil,580.0,825.0,725.0,15.0,50.0,47.0,,70.0,pretrain,emk_spec_verified,low_alloy_QT
emk_EMK0320_274,EMK0320,EMK_spec,0.405,0.8,0.825,0.35,1.825,0.25,0.0,,,850.0,oil,580.0,690.0,15.0,,30.0,46.0,,47.0,pretrain,emk_spec_verified,low_alloy_QT
emk_EMK0320_275,EMK0320,EMK_spec,0.405,0.8,0.825,0.35,1.825,0.25,0.0,,,850.0,oil,580.0,930.0,825.0,13.0,45.0,47.0,,70.0,pretrain,emk_spec_verified,low_alloy_QT
emk_EMK0320_276,EMK0320,EMK_spec,0.405,0.8,0.825,0.35,1.825,0.25,0.0,,,850.0,oil,580.0,825.0,13.0,,23.8,67.7,,47.0,pretrain,emk_spec_verified,low_alloy_QT
emk_EMK0320_277,EMK0320,EMK_spec,0.405,0.8,0.825,0.35,1.825,0.25,0.0,,,850.0,oil,580.0,895.0,12.0,,29.1,71.7,,41.0,pretrain,emk_spec_verified,low_alloy_QT
emk_EMK0320_278,EMK0320,EMK_spec,0.405,0.8,0.825,0.35,1.825,0.25,0.0,,,850.0,oil,580.0,1070.0,965.0,11.0,40.0,41.0,,70.0,pretrain,emk_spec_verified,low_alloy_QT
emk_EMK0320_279,EMK0320,EMK_spec,0.405,0.8,0.825,0.35,1.825,0.25,0.0,,,850.0,oil,580.0,965.0,11.0,,37.6,40.7,,66.4,pretrain,emk_spec_verified,low_alloy_QT
emk_EMK0320_280,EMK0320,EMK_spec,0.405,0.8,0.825,0.35,1.825,0.25,0.0,,,850.0,oil,580.0,1035.0,10.0,,10.2,12.7,,66.5,pretrain,emk_spec_verified,low_alloy_QT
emk_EMK0321_281,EMK0321,EMK_spec,0.405,0.775,0.775,0.5,1.775,0.25,0.04,,,850.0,oil,580.0,1000.0,895.0,12.0,40.0,47.0,,70.0,pretrain,emk_spec_verified,low_alloy_QT
emk_EMK0321_282,EMK0321,EMK_spec,0.405,0.775,0.775,0.5,1.775,0.25,0.04,,,850.0,oil,580.0,895.0,12.0,,22.1,70.1,,41.0,pretrain,emk_spec_verified,low_alloy_QT
emk_EMK0321_283,EMK0321,EMK_spec,0.405,0.775,0.775,0.5,1.775,0.25,0.04,,,850.0,oil,580.0,965.0,11.0,,32.8,41.0,,34.0,pretrain,emk_spec_verified,low_alloy_QT
emk_EMK0321_284,EMK0321,EMK_spec,0.405,0.775,0.775,0.5,1.775,0.25,0.04,,,850.0,oil,580.0,1035.0,10.0,,18.5,29.0,,65.5,pretrain,emk_spec_verified,low_alloy_QT
emk_EMK0329_285,EMK0329,EMK_spec,0.13,0.45,2.3,1.0,0.25,0.1,0.3,0.2,,870.0,air,620.0,585.0,415.0,18.0,45.0,120.2,,70.0,pretrain,emk_spec_verified,low_alloy_normalized
emk_EMK0331_286,EMK0331,EMK_spec,0.05,0.79,12.75,0.75,4.5,0.6,0.0,,,1020.0,water,,790.0,620.0,15.0,45.0,53.5,,70.0,pretrain,emk_spec_verified,stainless_duplex
emk_EMK0334_287,EMK0334,EMK_spec,0.03,2.0,25.0,2.5,22.0,0.4,0.0,,,1050.0,water,,540.0,255.0,25.0,40.0,107.0,,33.1,pretrain,emk_spec_verified,stainless_austenitic
emk_EMK0335_288,EMK0335,EMK_spec,0.06,5.0,22.0,2.25,12.5,1.0,0.2,,,1050.0,water,,690.0,380.0,35.0,55.0,33.8,,50.9,pretrain,emk_spec_verified,stainless_austenitic
emk_EMK0336_289,EMK0336,EMK_spec,0.03,6.0,24.0,4.5,17.0,1.0,0.0,,,1050.0,water,,795.0,415.0,35.0,40.0,78.1,,59.0,pretrain,emk_spec_verified,stainless_austenitic
emk_EMK0340_290,EMK0340,EMK_spec,0.08,2.0,14.75,1.25,25.5,1.0,0.3,,0.35,1050.0,water,,895.0,585.0,15.0,18.0,56.4,,70.0,pretrain,emk_spec_verified,stainless_austenitic
emk_EMK0346_291,EMK0346,EMK_spec,0.04,9.0,20.25,,6.5,1.0,0.0,,,1050.0,water,,655.0,330.0,35.0,32.3,67.3,,70.0,pretrain,emk_spec_verified,stainless_austenitic
emk_EMK0347_292,EMK0347,EMK_spec,0.04,9.0,20.25,,6.5,1.0,0.0,,,1050.0,water,,758.0,379.0,50.0,37.3,52.9,,70.0,pretrain,emk_spec_verified,stainless_austenitic
emk_EMK0350_293,EMK0350,EMK_spec,0.03,1.0,17.5,,,1.0,0.0,,1.75,,,,538.0,386.0,30.0,46.9,130.8,,70.0,pretrain,emk_spec_verified,stainless_ferritic
emk_EMK0351_294,EMK0351,EMK_spec,0.02,1.2,17.0,,0.5,1.25,0.0,1.25,,,,,586.0,469.0,30.0,44.0,105.7,,70.0,pretrain,emk_spec_verified,stainless_ferritic
emk_EMK0352_295,EMK0352,EMK_spec,0.03,1.0,11.1,,0.5,1.0,0.0,,,,,,427.0,241.0,35.0,44.3,133.6,,67.0,pretrain,emk_spec_verified,stainless_ferritic
emk_EMK0353_296,EMK0353,EMK_spec,0.12,1.0,17.0,,0.5,1.0,0.0,,,,,,483.0,310.0,30.0,60.0,128.1,,70.0,pretrain,emk_spec_verified,stainless_ferritic
emk_EMK0354_297,EMK0354,EMK_spec,0.03,1.0,17.0,1.125,,1.0,0.0,,,,,,490.0,324.0,31.0,54.7,97.3,,70.0,pretrain,emk_spec_verified,stainless_ferritic
emk_EMK0355_298,EMK0355,EMK_spec,0.03,1.0,18.0,,0.5,1.0,0.0,,0.15,,,,455.0,283.0,33.0,49.9,99.9,,70.0,pretrain,emk_spec_verified,stainless_ferritic
emk_EMK0356_299,EMK0356,EMK_spec,0.025,0.3,13.0,,,,0.0,,3.75,,,,579.0,434.0,30.0,52.9,142.8,,70.0,pretrain,emk_spec_verified,stainless_ferritic
emk_EMK0357_300,EMK0357,EMK_spec,0.02,1.0,21.75,0.4,0.4,1.0,0.0,0.6,,,,,524.0,386.0,31.0,53.2,104.5,,70.0,pretrain,emk_spec_verified,stainless_ferritic
emk_EMK0358_301,EMK0358,EMK_spec,0.02,5.0,20.0,,1.6,0.4,0.0,0.3,,1020.0,water,,620.0,448.0,,26.5,61.6,,25.0,pretrain,emk_spec_verified,stainless_duplex
emk_EMK0360_302,EMK0360,EMK_spec,0.03,1.0,11.1,,0.05,1.375,0.0,,,,,,503.0,338.0,30.0,58.0,83.7,,70.0,pretrain,emk_spec_verified,stainless_ferritic
emk_EMK0361_303,EMK0361,EMK_spec,0.03,1.5,14.875,,0.05,1.375,0.0,,,,,,517.0,359.0,30.0,54.5,97.6,,70.0,pretrain,emk_spec_verified,stainless_ferritic
emk_EMK0363_305,EMK0363,EMK_spec,0.03,1.2,25.0,4.0,7.0,0.8,0.0,0.3,,1050.0,water,,760.0,550.0,25.0,25.7,73.2,,70.0,pretrain,emk_spec_verified,stainless_austenitic
emk_EMK0364_306,EMK0364,EMK_spec,0.03,2.0,22.25,3.25,5.75,1.0,0.0,,,1020.0,water,,620.0,450.0,25.0,34.3,77.3,,70.0,pretrain,emk_spec_verified,stainless_duplex
emk_EMK0365_307,EMK0365,EMK_spec,0.08,0.8,21.0,,11.0,1.6,0.0,,,1050.0,water,,650.0,310.0,40.0,35.7,78.1,,70.0,pretrain,emk_spec_verified,stainless_austenitic
emk_EMK0366_308,EMK0366,EMK_spec,0.025,0.5,17.5,0.4,19.5,5.0,0.0,2.0,,1050.0,water,,550.0,220.0,25.0,40.0,113.1,,70.0,pretrain,emk_spec_verified,stainless_austenitic
emk_EMK0367_309,EMK0367,EMK_spec,0.65,0.65,0.2,,,0.25,0.0,,,800.0,oil,450.0,1200.0,1100.0,7.0,18.9,15.1,,70.0,pretrain,emk_spec_verified,carbon_high
emk_EMK0372_312,EMK0372,EMK_spec,0.08,2.0,17.5,2.25,12.0,1.0,0.0,,,1050.0,water,,510.0,127.0,35.0,50.8,110.8,,29.1,pretrain,emk_spec_verified,stainless_austenitic
emk_EMK0373_313,EMK0373,EMK_spec,0.06,2.0,17.5,2.25,11.5,1.0,0.0,,,1050.0,water,,490.0,205.0,35.0,40.2,92.0,,28.9,pretrain,emk_spec_verified,stainless_austenitic
emk_EMK0374_314,EMK0374,EMK_spec,0.08,2.0,18.0,0.06,9.0,1.0,0.0,1.6,,1050.0,water,,500.0,220.0,,45.5,81.3,,70.0,pretrain,emk_spec_verified,stainless_austenitic
emk_EMK0375_315,EMK0375,EMK_spec,0.06,2.0,25.0,,20.5,0.7,0.0,,,1050.0,water,,530.0,250.0,35.0,41.0,122.5,,34.3,pretrain,emk_spec_verified,stainless_austenitic
emk_EMK0375_316,EMK0375,EMK_spec,0.06,2.0,25.0,,20.5,0.7,0.0,,,1050.0,water,,530.0,240.0,35.0,42.4,135.7,,35.0,pretrain,emk_spec_verified,stainless_austenitic
emk_EMK0375_317,EMK0375,EMK_spec,0.06,2.0,25.0,,20.5,0.7,0.0,,,1050.0,water,,510.0,240.0,35.0,45.3,96.0,,31.4,pretrain,emk_spec_verified,stainless_austenitic
emk_EMK0377_321,EMK0377,EMK_spec,0.08,1.5,17.0,0.4,,1.5,0.0,,,,,,430.0,250.0,20.0,58.8,142.0,,70.0,pretrain,emk_spec_verified,stainless_ferritic
emk_EMK0379_323,EMK0379,EMK_spec,0.08,1.0,17.0,1.15,,1.0,0.0,,,,,,280.0,260.0,,48.5,80.3,,20.4,pretrain,emk_spec_verified,stainless_ferritic
emk_EMK0379_324,EMK0379,EMK_spec,0.08,1.0,17.0,1.15,,1.0,0.0,,,,,,280.0,260.0,,52.1,110.7,,18.5,pretrain,emk_spec_verified,stainless_ferritic
emk_EMK0381_328,EMK0381,EMK_spec,0.08,1.0,13.0,,,1.0,0.0,,,,,,250.0,240.0,,41.6,119.9,,21.2,pretrain,emk_spec_verified,stainless_ferritic
emk_EMK0381_329,EMK0381,EMK_spec,0.08,1.0,13.0,,,1.0,0.0,,,,,,230.0,220.0,,55.7,83.1,,18.4,pretrain,emk_spec_verified,stainless_ferritic
emk_EMK0381_330,EMK0381,EMK_spec,0.08,1.0,13.0,,,1.0,0.0,,,,,,230.0,220.0,,55.0,99.4,,20.2,pretrain,emk_spec_verified,stainless_ferritic
emk_EMK0386_334,EMK0386,EMK_spec,0.07,1.5,16.0,0.6,4.0,0.7,0.0,4.0,,1020.0,water,,1275.0,790.5,5.0,19.5,,,66.7,pretrain,emk_spec_verified,stainless_duplex
emk_EMK0386_335,EMK0386,EMK_spec,0.07,1.5,16.0,0.6,4.0,0.7,0.0,4.0,,1020.0,water,,1070.0,1000.0,8.0,13.1,15.4,,66.0,pretrain,emk_spec_verified,stainless_duplex
emk_EMK0387_336,EMK0387,EMK_spec,0.07,2.0,18.5,,9.25,1.0,0.0,,,1050.0,water,,500.0,195.0,40.0,58.2,141.3,,29.9,pretrain,emk_spec_verified,stainless_austenitic
emk_EMK0395_359,EMK0395,EMK_spec,0.1,0.55,0.3,0.1,9.25,0.35,0.05,0.3,,870.0,air,620.0,640.0,490.0,18.0,20.1,52.3,+N или +NT,45.5,pretrain,emk_spec_verified,low_alloy_normalized
emk_EMK0395_360,EMK0395,EMK_spec,0.1,0.55,0.3,0.1,9.25,0.35,0.05,0.3,,870.0,air,620.0,640.0,480.0,18.0,30.3,72.6,+N или +NT,43.0,pretrain,emk_spec_verified,low_alloy_normalized
emk_EMK0395_361,EMK0395,EMK_spec,0.1,0.55,0.3,0.1,9.25,0.35,0.05,0.3,,870.0,air,620.0,640.0,470.0,18.0,31.1,41.0,+QT,42.3,pretrain,emk_spec_verified,low_alloy_normalized
emk_EMK0397_363,EMK0397,EMK_spec,0.1,2.0,18.0,,9.0,1.0,0.0,,,1050.0,water,,500.0,230.0,35.0,45.8,106.5,,31.1,pretrain,emk_spec_verified,stainless_austenitic
emk_EMK0400_373,EMK0400,EMK_spec,0.1,7.75,16.5,1.0,3.0,2.0,0.0,2.75,,1020.0,water,,580.0,330.0,,57.3,81.8,,38.4,pretrain,emk_spec_verified,stainless_duplex
emk_EMK0400_374,EMK0400,EMK_spec,0.1,7.75,16.5,1.0,3.0,2.0,0.0,2.75,,1020.0,water,,580.0,330.0,,49.1,142.7,,36.3,pretrain,emk_spec_verified,stainless_duplex
emk_EMK0401_375,EMK0401,EMK_spec,0.07,1.5,16.5,1.8,16.5,0.45,0.0,,,1050.0,water,,650.0,500.0,16.0,32.8,34.6,,44.0,pretrain,emk_spec_verified,stainless_austenitic
emk_EMK0402_376,EMK0402,EMK_spec,0.09,1.0,17.0,,7.15,0.7,0.0,,1.1,1050.0,water,,1030.0,638.6,,17.0,,,63.4,pretrain,emk_spec_verified,stainless_austenitic
emk_EMK0404_377,EMK0404,EMK_spec,0.055,1.5,14.75,1.25,25.5,1.0,0.3,,,1050.0,water,,930.0,635.0,12.0,33.4,65.2,,63.6,pretrain,emk_spec_verified,stainless_austenitic
emk_EMK0409_382,EMK0409,EMK_spec,0.08,2.0,18.0,,10.5,1.0,0.0,,,1050.0,water,,500.0,200.0,35.0,58.2,143.0,,30.7,pretrain,emk_spec_verified,stainless_austenitic
emk_EMK0413_389,EMK0413,EMK_spec,0.03,2.0,18.0,2.75,13.75,1.0,0.0,,,1050.0,water,,550.0,270.0,40.0,51.1,127.1,,33.6,pretrain,emk_spec_verified,stainless_austenitic
emk_EMK0413_390,EMK0413,EMK_spec,0.03,2.0,18.0,2.75,13.75,1.0,0.0,,,1050.0,water,,550.0,260.0,40.0,45.2,96.0,,35.8,pretrain,emk_spec_verified,stainless_austenitic
emk_EMK0413_391,EMK0413,EMK_spec,0.03,2.0,18.0,2.75,13.75,1.0,0.0,,,1050.0,water,,520.0,260.0,45.0,51.5,118.9,,32.9,pretrain,emk_spec_verified,stainless_austenitic
emk_EMK0416_394,EMK0416,EMK_spec,0.3,6.25,25.0,4.5,17.5,1.0,0.0,,,1040.0,air,480.0,800.0,460.0,30.0,32.7,36.9,,60.0,pretrain,emk_spec_verified,stainless_PH
emk_EMK0416_395,EMK0416,EMK_spec,0.3,6.25,25.0,4.5,17.5,1.0,0.0,,,1040.0,air,480.0,800.0,460.0,30.0,37.2,58.9,,59.6,pretrain,emk_spec_verified,stainless_PH
emk_EMK0416_396,EMK0416,EMK_spec,0.3,6.25,25.0,4.5,17.5,1.0,0.0,,,1040.0,air,480.0,800.0,460.0,30.0,32.9,30.9,,59.7,pretrain,emk_spec_verified,stainless_PH
emk_EMK0417_397,EMK0417,EMK_spec,0.03,2.0,19.0,,11.0,1.0,0.0,,,1050.0,water,,520.0,250.0,45.0,41.1,130.6,,31.3,pretrain,emk_spec_verified,stainless_austenitic
emk_EMK0417_398,EMK0417,EMK_spec,0.03,2.0,19.0,,11.0,1.0,0.0,,,1050.0,water,,520.0,240.0,45.0,50.1,97.8,,31.5,pretrain,emk_spec_verified,stainless_austenitic
emk_EMK0417_399,EMK0417,EMK_spec,0.03,2.0,19.0,,11.0,1.0,0.0,,,1050.0,water,,500.0,240.0,45.0,48.6,99.9,,29.0,pretrain,emk_spec_verified,stainless_austenitic
emk_EMK0422_408,EMK0422,EMK_spec,0.285,1.5,12.75,0.6,,1.0,0.0,,,1000.0,oil,650.0,850.0,650.0,9.0,39.4,43.9,,63.4,pretrain,emk_spec_verified,stainless_martensitic
emk_EMK0425_409,EMK0425,EMK_spec,0.2,1.0,11.25,1.0,0.55,0.325,0.3,0.03,0.04,1000.0,oil,650.0,690.0,490.0,17.0,23.8,66.1,,48.7,pretrain,emk_spec_verified,stainless_martensitic
emk_EMK0426_410,EMK0426,EMK_spec,0.205,1.5,13.0,,,1.0,0.0,,,1000.0,oil,650.0,650.0,450.0,12.0,36.8,59.6,,12.0,pretrain,emk_spec_verified,stainless_martensitic
emk_EMK0429_413,EMK0429,EMK_spec,0.02,2.0,20.0,4.5,25.0,0.7,0.0,1.6,,1050.0,water,,530.0,270.0,35.0,59.6,126.5,,33.0,pretrain,emk_spec_verified,stainless_austenitic
emk_EMK0429_414,EMK0429,EMK_spec,0.02,2.0,20.0,4.5,25.0,0.7,0.0,1.6,,1050.0,water,,530.0,260.0,35.0,43.3,99.9,,33.2,pretrain,emk_spec_verified,stainless_austenitic
emk_EMK0429_415,EMK0429,EMK_spec,0.02,2.0,20.0,4.5,25.0,0.7,0.0,1.6,,1050.0,water,,520.0,260.0,35.0,43.6,108.7,,33.6,pretrain,emk_spec_verified,stainless_austenitic
emk_EMK0430_416,EMK0430,EMK_spec,0.015,2.0,17.5,0.2,15.0,4.1,0.0,,,1050.0,water,,530.0,260.0,40.0,49.5,92.1,,33.8,pretrain,emk_spec_verified,stainless_austenitic
emk_EMK0431_417,EMK0431,EMK_spec,0.02,0.02,25.0,2.25,22.0,0.7,0.0,,,1050.0,water,,540.0,135.0,40.0,49.6,146.2,,32.7,pretrain,emk_spec_verified,stainless_austenitic
emk_EMK0439_425,EMK0439,EMK_spec,0.17,1.5,16.25,,2.0,1.0,0.0,,,1020.0,water,,800.0,600.0,14.0,32.2,25.0,,60.1,pretrain,emk_spec_verified,stainless_duplex
emk_EMK0444_430,EMK0444,EMK_spec,0.145,1.0,13.0,,,1.0,0.0,,,,,,650.0,450.0,14.0,23.4,49.2,,70.0,pretrain,emk_spec_verified,stainless_ferritic
emk_EMK0453_434,EMK0453,EMK_spec,0.115,1.5,12.5,,0.75,1.0,0.0,,,,,,550.0,400.0,15.0,42.0,92.2,,33.4,pretrain,emk_spec_verified,stainless_ferritic
emk_EMK0454_435,EMK0454,EMK_spec,0.11,6.25,18.5,,7.5,0.75,0.0,,,1050.0,water,,750.0,370.0,35.0,36.1,59.4,,56.2,pretrain,emk_spec_verified,stainless_austenitic
emk_EMK0459_440,EMK0459,EMK_spec,0.115,0.45,5.0,0.55,,0.325,0.0,0.3,0.04,870.0,air,620.0,430.0,116.0,,56.0,112.4,,23.7,pretrain,emk_spec_verified,low_alloy_normalized
emk_EMK0464_443,EMK0464,EMK_spec,0.1,6.25,15.0,1.0,10.0,1.0,0.275,,,1050.0,water,,540.0,136.0,35.0,59.9,103.8,,33.0,pretrain,emk_spec_verified,stainless_austenitic
emk_EMK0465_444,EMK0465,EMK_spec,0.1,2.0,17.5,0.8,7.75,1.0,0.0,,,1050.0,water,,600.0,280.0,40.0,20.9,73.2,,41.1,pretrain,emk_spec_verified,stainless_austenitic
emk_EMK0478_454,EMK0478,EMK_spec,0.2,1.7,1.5,,,0.8,0.0,,,870.0,air,620.0,770.0,690.0,14.0,38.7,30.7,,70.0,pretrain,emk_spec_verified,low_alloy_normalized
emk_EMK0478_455,EMK0478,EMK_spec,0.2,1.7,1.5,,,0.8,0.0,,,870.0,air,620.0,760.0,650.0,14.0,36.0,62.7,,70.0,pretrain,emk_spec_verified,low_alloy_normalized
emk_EMK0478_456,EMK0478,EMK_spec,0.2,1.7,1.5,,,0.8,0.0,,,870.0,air,620.0,710.0,630.0,14.0,39.9,55.9,,70.0,pretrain,emk_spec_verified,low_alloy_normalized
emk_EMK0499_496,EMK0499,EMK_spec,0.22,1.35,0.3,0.1,0.8,0.6,0.2,0.55,0.2,870.0,air,620.0,520.0,420.0,17.0,52.5,129.6,,32.9,pretrain,emk_spec_verified,low_alloy_normalized
emk_EMK0499_497,EMK0499,EMK_spec,0.22,1.35,0.3,0.1,0.8,0.6,0.2,0.55,0.2,870.0,air,620.0,520.0,400.0,17.0,52.9,95.0,,32.8,pretrain,emk_spec_verified,low_alloy_normalized
emk_EMK0501_506,EMK0501,EMK_spec,0.22,1.35,0.3,0.1,0.8,0.6,0.2,0.55,0.2,870.0,air,620.0,520.0,420.0,17.0,43.9,116.4,,32.3,pretrain,emk_spec_verified,low_alloy_normalized
emk_EMK0501_507,EMK0501,EMK_spec,0.22,1.35,0.3,0.1,0.8,0.6,0.2,0.55,0.2,870.0,air,620.0,520.0,400.0,17.0,52.5,124.1,,33.3,pretrain,emk_spec_verified,low_alloy_normalized
emk_EMK0506_532,EMK0506,EMK_spec,0.18,1.275,0.3,0.1,0.5,0.5,0.12,0.55,,900.0,,,470.0,355.0,,44.2,82.5,,70.0,pretrain,emk_spec_verified,carbon_low
emk_EMK0506_533,EMK0506,EMK_spec,0.18,1.275,0.3,0.1,0.5,0.5,0.12,0.55,,900.0,,,470.0,345.0,,46.9,121.3,,70.0,pretrain,emk_spec_verified,carbon_low
emk_EMK0506_534,EMK0506,EMK_spec,0.18,1.275,0.3,0.1,0.5,0.5,0.12,0.55,,900.0,,,470.0,335.0,,51.0,104.2,,70.0,pretrain,emk_spec_verified,carbon_low
emk_EMK0506_535,EMK0506,EMK_spec,0.18,1.275,0.3,0.1,0.5,0.5,0.12,0.55,,900.0,,,470.0,325.0,,44.0,103.3,,70.0,pretrain,emk_spec_verified,carbon_low
emk_EMK0506_536,EMK0506,EMK_spec,0.18,1.275,0.3,0.1,0.5,0.5,0.12,0.55,,900.0,,,470.0,315.0,,51.3,138.6,,70.0,pretrain,emk_spec_verified,carbon_low
emk_EMK0506_537,EMK0506,EMK_spec,0.18,1.275,0.3,0.1,0.5,0.5,0.12,0.55,,900.0,,,450.0,295.0,,47.1,137.5,,70.0,pretrain,emk_spec_verified,carbon_low
emk_EMK0506_538,EMK0506,EMK_spec,0.18,1.275,0.3,0.1,0.5,0.5,0.12,0.55,,900.0,,,450.0,285.0,,46.7,138.1,,70.0,pretrain,emk_spec_verified,carbon_low
emk_EMK0506_539,EMK0506,EMK_spec,0.18,1.275,0.3,0.1,0.5,0.5,0.12,0.55,,900.0,,,450.0,275.0,,52.8,87.7,,70.0,pretrain,emk_spec_verified,carbon_low
emk_EMK0508_544,EMK0508,EMK_spec,0.2,1.275,0.3,0.1,0.5,0.5,0.12,0.55,,900.0,,,470.0,355.0,,51.9,126.5,,70.0,pretrain,emk_spec_verified,carbon_low
emk_EMK0508_545,EMK0508,EMK_spec,0.2,1.275,0.3,0.1,0.5,0.5,0.12,0.55,,900.0,,,470.0,345.0,,45.4,94.1,,70.0,pretrain,emk_spec_verified,carbon_low
emk_EMK0508_546,EMK0508,EMK_spec,0.2,1.275,0.3,0.1,0.5,0.5,0.12,0.55,,900.0,,,470.0,335.0,,57.9,141.5,,70.0,pretrain,emk_spec_verified,carbon_low
emk_EMK0508_547,EMK0508,EMK_spec,0.2,1.275,0.3,0.1,0.5,0.5,0.12,0.55,,900.0,,,470.0,325.0,,55.8,105.0,,70.0,pretrain,emk_spec_verified,carbon_low
emk_EMK0508_548,EMK0508,EMK_spec,0.2,1.275,0.3,0.1,0.5,0.5,0.12,0.55,,900.0,,,470.0,315.0,,48.9,140.0,,70.0,pretrain,emk_spec_verified,carbon_low
emk_EMK0508_549,EMK0508,EMK_spec,0.2,1.275,0.3,0.1,0.5,0.5,0.12,0.55,,900.0,,,450.0,295.0,,49.8,133.4,,70.0,pretrain,emk_spec_verified,carbon_low
emk_EMK0508_550,EMK0508,EMK_spec,0.2,1.275,0.3,0.1,0.5,0.5,0.12,0.55,,900.0,,,450.0,285.0,,48.7,97.6,,70.0,pretrain,emk_spec_verified,carbon_low
emk_EMK0508_551,EMK0508,EMK_spec,0.2,1.275,0.3,0.1,0.5,0.5,0.12,0.55,,900.0,,,450.0,275.0,,45.2,124.0,,70.0,pretrain,emk_spec_verified,carbon_low
emk_EMK0570_757,EMK0570,EMK_spec,0.16,2.1,0.3,0.2,0.8,0.5,0.12,0.55,,870.0,air,620.0,500.0,420.0,17.0,52.3,102.2,,29.8,pretrain,emk_spec_verified,low_alloy_normalized
emk_EMK0570_758,EMK0570,EMK_spec,0.16,2.1,0.3,0.2,0.8,0.5,0.12,0.55,,870.0,air,620.0,500.0,400.0,17.0,40.8,141.4,,29.6,pretrain,emk_spec_verified,low_alloy_normalized
emk_EMK0570_759,EMK0570,EMK_spec,0.16,2.1,0.3,0.2,0.8,0.5,0.12,0.55,,870.0,air,620.0,500.0,390.0,17.0,41.3,143.1,,31.7,pretrain,emk_spec_verified,low_alloy_normalized
emk_EMK0577_773,EMK0577,EMK_spec,0.2,1.7,0.16,,,0.6,0.2,,,900.0,,,530.0,460.0,15.0,51.0,127.6,,33.6,pretrain,emk_spec_verified,carbon_low
emk_EMK0577_774,EMK0577,EMK_spec,0.2,1.7,0.16,,,0.6,0.2,,,900.0,,,530.0,440.0,15.0,42.0,144.9,,33.9,pretrain,emk_spec_verified,carbon_low
emk_EMK0577_775,EMK0577,EMK_spec,0.2,1.7,0.16,,,0.6,0.2,,,900.0,,,530.0,430.0,15.0,54.5,142.0,,32.4,pretrain,emk_spec_verified,carbon_low
emk_EMK0582_779,EMK0582,EMK_spec,0.11,1.75,0.15,0.15,0.15,0.65,0.03,0.5,,900.0,,,430.0,330.0,20.0,58.9,120.9,После сварки,23.4,pretrain,emk_spec_verified,carbon_low
emk_EMK0582_780,EMK0582,EMK_spec,0.11,1.75,0.15,0.15,0.15,0.65,0.03,0.5,,900.0,,,430.0,330.0,20.0,43.5,111.5,После термообработки,21.2,pretrain,emk_spec_verified,carbon_low
emk_EMK0605_799,EMK0605,EMK_spec,0.18,1.6,0.25,0.15,0.3,0.35,0.1,0.35,0.04,900.0,,,460.0,355.0,,43.6,102.1,,26.3,pretrain,emk_spec_verified,carbon_low
emk_EMK0605_800,EMK0605,EMK_spec,0.18,1.6,0.25,0.15,0.3,0.35,0.1,0.35,0.04,900.0,,,460.0,355.0,,46.9,99.0,,26.5,pretrain,emk_spec_verified,carbon_low
emk_EMK0605_801,EMK0605,EMK_spec,0.18,1.6,0.25,0.15,0.3,0.35,0.1,0.35,0.04,900.0,,,460.0,345.0,,57.9,105.3,,27.6,pretrain,emk_spec_verified,carbon_low
emk_EMK0605_802,EMK0605,EMK_spec,0.18,1.6,0.25,0.15,0.3,0.35,0.1,0.35,0.04,900.0,,,440.0,335.0,,48.1,118.1,,22.8,pretrain,emk_spec_verified,carbon_low
emk_EMK0606_803,EMK0606,EMK_spec,0.14,1.65,0.25,0.25,0.7,0.55,0.08,0.3,0.035,870.0,air,620.0,500.0,420.0,,42.8,133.3,,28.4,pretrain,emk_spec_verified,low_alloy_normalized
emk_EMK0606_804,EMK0606,EMK_spec,0.14,1.65,0.25,0.25,0.7,0.55,0.08,0.3,0.035,870.0,air,620.0,500.0,400.0,,59.8,138.1,,28.9,pretrain,emk_spec_verified,low_alloy_normalized
emk_EMK0606_805,EMK0606,EMK_spec,0.14,1.65,0.25,0.25,0.7,0.55,0.08,0.3,0.035,870.0,air,620.0,500.0,390.0,,55.9,90.2,,29.1,pretrain,emk_spec_verified,low_alloy_normalized
emk_EMK0606_806,EMK0606,EMK_spec,0.14,1.65,0.25,0.25,0.7,0.55,0.08,0.3,0.035,870.0,air,620.0,500.0,380.0,,56.8,101.1,,29.2,pretrain,emk_spec_verified,low_alloy_normalized
emk_EMK0606_807,EMK0606,EMK_spec,0.14,1.65,0.25,0.25,0.7,0.55,0.08,0.3,0.035,870.0,air,620.0,500.0,380.0,,52.0,137.0,,31.7,pretrain,emk_spec_verified,low_alloy_normalized
emk_EMK0606_808,EMK0606,EMK_spec,0.14,1.65,0.25,0.25,0.7,0.55,0.08,0.3,0.035,870.0,air,620.0,480.0,380.0,,40.3,100.1,,26.8,pretrain,emk_spec_verified,low_alloy_normalized
emk_EMK0607_809,EMK0607,EMK_spec,0.14,1.7,0.25,0.25,0.7,0.55,0.08,0.3,0.035,870.0,air,620.0,520.0,460.0,,43.5,118.0,,34.0,pretrain,emk_spec_verified,low_alloy_normalized
emk_EMK0607_810,EMK0607,EMK_spec,0.14,1.7,0.25,0.25,0.7,0.55,0.08,0.3,0.035,870.0,air,620.0,520.0,440.0,,50.8,126.5,,30.2,pretrain,emk_spec_verified,low_alloy_normalized
emk_EMK0607_811,EMK0607,EMK_spec,0.14,1.7,0.25,0.25,0.7,0.55,0.08,0.3,0.035,870.0,air,620.0,520.0,420.0,,56.8,124.6,,31.6,pretrain,emk_spec_verified,low_alloy_normalized
emk_EMK0607_812,EMK0607,EMK_spec,0.14,1.7,0.25,0.25,0.7,0.55,0.08,0.3,0.035,870.0,air,620.0,500.0,415.0,,41.4,83.7,,30.2,pretrain,emk_spec_verified,low_alloy_normalized
emk_EMK0607_813,EMK0607,EMK_spec,0.14,1.7,0.25,0.25,0.7,0.55,0.08,0.3,0.035,870.0,air,620.0,500.0,405.0,,45.8,95.2,,28.6,pretrain,emk_spec_verified,low_alloy_normalized
emk_EMK0607_814,EMK0607,EMK_spec,0.14,1.7,0.25,0.25,0.7,0.55,0.08,0.3,0.035,870.0,air,620.0,500.0,400.0,,57.0,112.2,,28.1,pretrain,emk_spec_verified,low_alloy_normalized
emk_EMK0608_815,EMK0608,EMK_spec,0.14,2.0,0.3,0.25,1.0,0.55,0.08,0.35,0.035,870.0,air,620.0,560.0,500.0,,44.4,128.3,,37.6,pretrain,emk_spec_verified,low_alloy_normalized
emk_EMK0608_816,EMK0608,EMK_spec,0.14,2.0,0.3,0.25,1.0,0.55,0.08,0.35,0.035,870.0,air,620.0,560.0,480.0,,43.1,91.7,,36.1,pretrain,emk_spec_verified,low_alloy_normalized
emk_EMK0608_817,EMK0608,EMK_spec,0.14,2.0,0.3,0.25,1.0,0.55,0.08,0.35,0.035,870.0,air,620.0,560.0,460.0,,44.2,118.2,,35.7,pretrain,emk_spec_verified,low_alloy_normalized
emk_EMK0608_818,EMK0608,EMK_spec,0.14,2.0,0.3,0.25,1.0,0.55,0.08,0.35,0.035,870.0,air,620.0,540.0,455.0,,59.1,96.9,,35.8,pretrain,emk_spec_verified,low_alloy_normalized
emk_EMK0608_819,EMK0608,EMK_spec,0.14,2.0,0.3,0.25,1.0,0.55,0.08,0.35,0.035,870.0,air,620.0,540.0,445.0,,44.8,147.0,,35.1,pretrain,emk_spec_verified,low_alloy_normalized
emk_EMK0608_820,EMK0608,EMK_spec,0.14,2.0,0.3,0.25,1.0,0.55,0.08,0.35,0.035,870.0,air,620.0,540.0,440.0,,43.9,120.8,,35.6,pretrain,emk_spec_verified,low_alloy_normalized
emk_EMK0609_821,EMK0609,EMK_spec,0.14,1.65,0.25,0.25,0.7,0.55,0.08,0.3,0.035,870.0,air,620.0,500.0,420.0,,49.9,143.2,,29.3,pretrain,emk_spec_verified,low_alloy_normalized
emk_EMK0609_822,EMK0609,EMK_spec,0.14,1.65,0.25,0.25,0.7,0.55,0.08,0.3,0.035,870.0,air,620.0,500.0,400.0,,50.8,113.0,,31.0,pretrain,emk_spec_verified,low_alloy_normalized
emk_EMK0609_823,EMK0609,EMK_spec,0.14,1.65,0.25,0.25,0.7,0.55,0.08,0.3,0.035,870.0,air,620.0,500.0,390.0,,53.5,147.0,,31.6,pretrain,emk_spec_verified,low_alloy_normalized
emk_EMK0609_824,EMK0609,EMK_spec,0.14,1.65,0.25,0.25,0.7,0.55,0.08,0.3,0.035,870.0,air,620.0,480.0,390.0,,48.1,93.3,,27.0,pretrain,emk_spec_verified,low_alloy_normalized
emk_EMK0609_825,EMK0609,EMK_spec,0.14,1.65,0.25,0.25,0.7,0.55,0.08,0.3,0.035,870.0,air,620.0,480.0,380.0,,51.7,126.5,,26.2,pretrain,emk_spec_verified,low_alloy_normalized
emk_EMK0609_826,EMK0609,EMK_spec,0.14,1.65,0.25,0.25,0.7,0.55,0.08,0.3,0.035,870.0,air,620.0,480.0,380.0,,44.2,124.7,,27.8,pretrain,emk_spec_verified,low_alloy_normalized
emk_EMK0609_827,EMK0609,EMK_spec,0.14,1.65,0.25,0.25,0.7,0.55,0.08,0.3,0.035,870.0,air,620.0,470.0,370.0,,52.5,112.0,,27.1,pretrain,emk_spec_verified,low_alloy_normalized
emk_EMK0610_828,EMK0610,EMK_spec,0.14,1.7,0.25,0.25,0.7,0.55,0.08,0.3,0.035,870.0,air,620.0,520.0,460.0,,53.1,80.6,,30.8,pretrain,emk_spec_verified,low_alloy_normalized
emk_EMK0610_829,EMK0610,EMK_spec,0.14,1.7,0.25,0.25,0.7,0.55,0.08,0.3,0.035,870.0,air,620.0,520.0,440.0,,57.9,97.4,,30.7,pretrain,emk_spec_verified,low_alloy_normalized
emk_EMK0610_830,EMK0610,EMK_spec,0.14,1.7,0.25,0.25,0.7,0.55,0.08,0.3,0.035,870.0,air,620.0,520.0,420.0,,41.5,149.4,,31.3,pretrain,emk_spec_verified,low_alloy_normalized
emk_EMK0610_831,EMK0610,EMK_spec,0.14,1.7,0.25,0.25,0.7,0.55,0.08,0.3,0.035,870.0,air,620.0,515.0,415.0,,43.1,149.4,,32.9,pretrain,emk_spec_verified,low_alloy_normalized
emk_EMK0610_832,EMK0610,EMK_spec,0.14,1.7,0.25,0.25,0.7,0.55,0.08,0.3,0.035,870.0,air,620.0,515.0,405.0,,41.5,142.0,,29.6,pretrain,emk_spec_verified,low_alloy_normalized
emk_EMK0610_833,EMK0610,EMK_spec,0.14,1.7,0.25,0.25,0.7,0.55,0.08,0.3,0.035,870.0,air,620.0,515.0,400.0,,45.3,104.1,,31.7,pretrain,emk_spec_verified,low_alloy_normalized
emk_EMK0610_834,EMK0610,EMK_spec,0.14,1.7,0.25,0.25,0.7,0.55,0.08,0.3,0.035,870.0,air,620.0,480.0,380.0,,58.8,133.8,,29.1,pretrain,emk_spec_verified,low_alloy_normalized
emk_EMK0611_835,EMK0611,EMK_spec,0.14,1.7,0.3,0.25,1.0,0.55,0.08,0.4,0.035,870.0,air,620.0,560.0,500.0,,45.5,139.5,,34.9,pretrain,emk_spec_verified,low_alloy_normalized
emk_EMK0611_836,EMK0611,EMK_spec,0.14,1.7,0.3,0.25,1.0,0.55,0.08,0.4,0.035,870.0,air,620.0,560.0,480.0,,45.4,127.5,,36.0,pretrain,emk_spec_verified,low_alloy_normalized
emk_EMK0611_837,EMK0611,EMK_spec,0.14,1.7,0.3,0.25,1.0,0.55,0.08,0.4,0.035,870.0,air,620.0,560.0,460.0,,44.6,119.8,,37.6,pretrain,emk_spec_verified,low_alloy_normalized
emk_EMK0611_838,EMK0611,EMK_spec,0.14,1.7,0.3,0.25,1.0,0.55,0.08,0.4,0.035,870.0,air,620.0,540.0,455.0,,46.5,88.8,,35.9,pretrain,emk_spec_verified,low_alloy_normalized
emk_EMK0611_839,EMK0611,EMK_spec,0.14,1.7,0.3,0.25,1.0,0.55,0.08,0.4,0.035,870.0,air,620.0,540.0,445.0,,47.4,111.5,,35.9,pretrain,emk_spec_verified,low_alloy_normalized
emk_EMK0611_840,EMK0611,EMK_spec,0.14,1.7,0.3,0.25,1.0,0.55,0.08,0.4,0.035,870.0,air,620.0,540.0,440.0,,44.6,101.2,,32.4,pretrain,emk_spec_verified,low_alloy_normalized
emk_EMK0611_841,EMK0611,EMK_spec,0.14,1.7,0.3,0.25,1.0,0.55,0.08,0.4,0.035,870.0,air,620.0,520.0,420.0,,51.8,133.4,,32.2,pretrain,emk_spec_verified,low_alloy_normalized
emk_EMK0612_842,EMK0612,EMK_spec,0.16,1.7,0.4,0.6,1.0,0.55,0.08,0.4,0.0575,870.0,air,620.0,590.0,550.0,,54.2,94.6,,39.7,pretrain,emk_spec_verified,low_alloy_normalized
emk_EMK0612_843,EMK0612,EMK_spec,0.16,1.7,0.4,0.6,1.0,0.55,0.08,0.4,0.0575,870.0,air,620.0,590.0,530.0,,58.1,140.2,,39.9,pretrain,emk_spec_verified,low_alloy_normalized
emk_EMK0612_844,EMK0612,EMK_spec,0.16,1.7,0.4,0.6,1.0,0.55,0.08,0.4,0.0575,870.0,air,620.0,590.0,510.0,,54.4,121.4,,40.9,pretrain,emk_spec_verified,low_alloy_normalized
emk_EMK0612_845,EMK0612,EMK_spec,0.16,1.7,0.4,0.6,1.0,0.55,0.08,0.4,0.0575,870.0,air,620.0,570.0,490.0,,56.4,140.9,,37.7,pretrain,emk_spec_verified,low_alloy_normalized
emk_EMK0612_846,EMK0612,EMK_spec,0.16,1.7,0.4,0.6,1.0,0.55,0.08,0.4,0.0575,870.0,air,620.0,570.0,485.0,,50.4,105.7,,36.2,pretrain,emk_spec_verified,low_alloy_normalized
emk_EMK0612_847,EMK0612,EMK_spec,0.16,1.7,0.4,0.6,1.0,0.55,0.08,0.4,0.0575,870.0,air,620.0,570.0,480.0,,49.4,122.0,,36.5,pretrain,emk_spec_verified,low_alloy_normalized
emk_EMK0612_848,EMK0612,EMK_spec,0.16,1.7,0.4,0.6,1.0,0.55,0.08,0.4,0.0575,870.0,air,620.0,540.0,475.0,,59.3,84.1,,34.4,pretrain,emk_spec_verified,low_alloy_normalized
emk_EMK0613_849,EMK0613,EMK_spec,0.14,1.7,0.3,0.25,1.0,0.55,0.08,0.4,0.035,870.0,air,620.0,720.0,620.0,,39.9,63.3,,51.8,pretrain,emk_spec_verified,low_alloy_normalized
emk_EMK0613_850,EMK0613,EMK_spec,0.14,1.7,0.3,0.25,1.0,0.55,0.08,0.4,0.035,870.0,air,620.0,720.0,620.0,,30.7,57.5,,50.0,pretrain,emk_spec_verified,low_alloy_normalized
emk_EMK0613_851,EMK0613,EMK_spec,0.14,1.7,0.3,0.25,1.0,0.55,0.08,0.4,0.035,870.0,air,620.0,720.0,620.0,,38.0,51.0,,53.7,pretrain,emk_spec_verified,low_alloy_normalized
emk_EMK0613_852,EMK0613,EMK_spec,0.14,1.7,0.3,0.25,1.0,0.55,0.08,0.4,0.035,870.0,air,620.0,720.0,620.0,,33.8,32.9,,50.1,pretrain,emk_spec_verified,low_alloy_normalized
emk_EMK0613_853,EMK0613,EMK_spec,0.14,1.7,0.3,0.25,1.0,0.55,0.08,0.4,0.035,870.0,air,620.0,720.0,620.0,,25.8,33.1,,50.5,pretrain,emk_spec_verified,low_alloy_normalized
emk_EMK0613_854,EMK0613,EMK_spec,0.14,1.7,0.3,0.25,1.0,0.55,0.08,0.4,0.035,870.0,air,620.0,720.0,620.0,,25.8,64.2,,52.0,pretrain,emk_spec_verified,low_alloy_normalized
emk_EMK0613_855,EMK0613,EMK_spec,0.14,1.7,0.3,0.25,1.0,0.55,0.08,0.4,0.035,870.0,air,620.0,720.0,620.0,,34.4,64.2,,52.6,pretrain,emk_spec_verified,low_alloy_normalized
emk_EMK0614_856,EMK0614,EMK_spec,0.14,1.7,0.3,0.25,1.0,0.55,0.08,0.4,0.035,870.0,air,620.0,770.0,690.0,,25.5,49.1,,57.0,pretrain,emk_spec_verified,low_alloy_normalized
emk_EMK0614_857,EMK0614,EMK_spec,0.14,1.7,0.3,0.25,1.0,0.55,0.08,0.4,0.035,870.0,air,620.0,770.0,690.0,,31.8,48.6,,59.0,pretrain,emk_spec_verified,low_alloy_normalized
emk_EMK0614_858,EMK0614,EMK_spec,0.14,1.7,0.3,0.25,1.0,0.55,0.08,0.4,0.035,870.0,air,620.0,770.0,690.0,,34.8,68.1,,58.8,pretrain,emk_spec_verified,low_alloy_normalized
emk_EMK0614_859,EMK0614,EMK_spec,0.14,1.7,0.3,0.25,1.0,0.55,0.08,0.4,0.035,870.0,air,620.0,770.0,690.0,,27.2,49.2,,57.1,pretrain,emk_spec_verified,low_alloy_normalized
emk_EMK0614_860,EMK0614,EMK_spec,0.14,1.7,0.3,0.25,1.0,0.55,0.08,0.4,0.035,870.0,air,620.0,770.0,690.0,,25.2,77.7,,58.7,pretrain,emk_spec_verified,low_alloy_normalized
emk_EMK0614_861,EMK0614,EMK_spec,0.14,1.7,0.3,0.25,1.0,0.55,0.08,0.4,0.035,870.0,air,620.0,770.0,690.0,,32.2,66.1,,55.5,pretrain,emk_spec_verified,low_alloy_normalized
emk_EMK0614_862,EMK0614,EMK_spec,0.14,1.7,0.3,0.25,1.0,0.55,0.08,0.4,0.035,870.0,air,620.0,770.0,690.0,,28.9,30.7,,58.2,pretrain,emk_spec_verified,low_alloy_normalized
emk_EMK0615_863,EMK0615,EMK_spec,0.14,1.325,0.25,0.012,0.08,0.55,0.06,0.3,0.035,900.0,,,460.0,355.0,,51.8,142.8,,25.3,pretrain,emk_spec_verified,carbon_low
emk_EMK0615_864,EMK0615,EMK_spec,0.14,1.325,0.25,0.012,0.08,0.55,0.06,0.3,0.035,900.0,,,460.0,355.0,,45.8,136.6,,27.6,pretrain,emk_spec_verified,carbon_low
emk_EMK0615_865,EMK0615,EMK_spec,0.14,1.325,0.25,0.012,0.08,0.55,0.06,0.3,0.035,900.0,,,460.0,345.0,,59.7,149.0,,25.8,pretrain,emk_spec_verified,carbon_low
emk_EMK0615_866,EMK0615,EMK_spec,0.14,1.325,0.25,0.012,0.08,0.55,0.06,0.3,0.035,900.0,,,460.0,335.0,,45.4,89.8,,26.9,pretrain,emk_spec_verified,carbon_low
emk_EMK0617_871,EMK0617,EMK_spec,0.14,1.325,0.25,0.008,0.7,0.55,0.06,0.3,0.035,870.0,air,620.0,470.0,355.0,,41.0,112.1,,27.5,pretrain,emk_spec_verified,low_alloy_normalized
emk_EMK0617_872,EMK0617,EMK_spec,0.14,1.325,0.25,0.008,0.7,0.55,0.06,0.3,0.035,870.0,air,620.0,470.0,355.0,,44.1,87.9,,28.1,pretrain,emk_spec_verified,low_alloy_normalized
emk_EMK0617_873,EMK0617,EMK_spec,0.14,1.325,0.25,0.008,0.7,0.55,0.06,0.3,0.035,870.0,air,620.0,470.0,345.0,,52.3,121.8,,28.8,pretrain,emk_spec_verified,low_alloy_normalized
emk_EMK0617_874,EMK0617,EMK_spec,0.14,1.325,0.25,0.008,0.7,0.55,0.06,0.3,0.035,870.0,air,620.0,470.0,335.0,,57.6,107.5,,27.8,pretrain,emk_spec_verified,low_alloy_normalized
emk_EMK0618_875,EMK0618,EMK_spec,0.14,1.65,0.25,0.25,0.7,0.55,0.08,0.3,0.035,870.0,air,620.0,500.0,420.0,,45.5,122.0,,28.4,pretrain,emk_spec_verified,low_alloy_normalized
emk_EMK0618_876,EMK0618,EMK_spec,0.14,1.65,0.25,0.25,0.7,0.55,0.08,0.3,0.035,870.0,air,620.0,500.0,400.0,,46.9,109.6,,31.5,pretrain,emk_spec_verified,low_alloy_normalized
emk_EMK0618_877,EMK0618,EMK_spec,0.14,1.65,0.25,0.25,0.7,0.55,0.08,0.3,0.035,870.0,air,620.0,500.0,390.0,,45.0,126.9,,29.0,pretrain,emk_spec_verified,low_alloy_normalized
emk_EMK0618_878,EMK0618,EMK_spec,0.14,1.65,0.25,0.25,0.7,0.55,0.08,0.3,0.035,870.0,air,620.0,500.0,380.0,,58.2,130.1,,31.6,pretrain,emk_spec_verified,low_alloy_normalized
emk_EMK0619_879,EMK0619,EMK_spec,0.16,1.7,0.25,0.25,0.7,0.55,0.08,0.3,0.035,870.0,air,620.0,520.0,460.0,,51.8,120.8,,30.6,pretrain,emk_spec_verified,low_alloy_normalized
emk_EMK0619_880,EMK0619,EMK_spec,0.16,1.7,0.25,0.25,0.7,0.55,0.08,0.3,0.035,870.0,air,620.0,520.0,440.0,,59.5,134.8,,32.1,pretrain,emk_spec_verified,low_alloy_normalized
emk_EMK0619_881,EMK0619,EMK_spec,0.16,1.7,0.25,0.25,0.7,0.55,0.08,0.3,0.035,870.0,air,620.0,520.0,420.0,,43.2,93.5,,30.8,pretrain,emk_spec_verified,low_alloy_normalized
emk_EMK0619_882,EMK0619,EMK_spec,0.16,1.7,0.25,0.25,0.7,0.55,0.08,0.3,0.035,870.0,air,620.0,520.0,415.0,,59.1,83.7,,33.0,pretrain,emk_spec_verified,low_alloy_normalized
emk_EMK0621_887,EMK0621,EMK_spec,0.18,1.6,0.25,0.08,0.3,0.35,0.12,0.35,0.04,900.0,,,460.0,355.0,,49.1,94.7,,26.4,pretrain,emk_spec_verified,carbon_low
emk_EMK0621_888,EMK0621,EMK_spec,0.18,1.6,0.25,0.08,0.3,0.35,0.12,0.35,0.04,900.0,,,460.0,345.0,,51.8,142.9,,25.4,pretrain,emk_spec_verified,carbon_low
emk_EMK0621_889,EMK0621,EMK_spec,0.18,1.6,0.25,0.08,0.3,0.35,0.12,0.35,0.04,900.0,,,460.0,345.0,,50.5,110.4,,24.1,pretrain,emk_spec_verified,carbon_low
emk_EMK0621_890,EMK0621,EMK_spec,0.18,1.6,0.25,0.08,0.3,0.35,0.12,0.35,0.04,900.0,,,440.0,335.0,,56.5,105.1,,22.9,pretrain,emk_spec_verified,carbon_low
emk_EMK0622_891,EMK0622,EMK_spec,0.12,1.65,0.25,0.25,1.0,0.5,0.2,0.3,0.035,870.0,air,620.0,500.0,420.0,,40.1,141.3,,32.0,pretrain,emk_spec_verified,low_alloy_normalized
emk_EMK0622_892,EMK0622,EMK_spec,0.12,1.65,0.25,0.25,1.0,0.5,0.2,0.3,0.035,870.0,air,620.0,500.0,400.0,,57.4,148.8,,28.3,pretrain,emk_spec_verified,low_alloy_normalized
emk_EMK0623_893,EMK0623,EMK_spec,0.12,1.7,0.25,0.25,1.0,0.5,0.2,0.3,0.035,870.0,air,620.0,530.0,460.0,,53.7,150.0,,34.3,pretrain,emk_spec_verified,low_alloy_normalized
emk_EMK0623_894,EMK0623,EMK_spec,0.12,1.7,0.25,0.25,1.0,0.5,0.2,0.3,0.035,870.0,air,620.0,530.0,440.0,,43.9,145.1,,32.8,pretrain,emk_spec_verified,low_alloy_normalized
emk_EMK0624_895,EMK0624,EMK_spec,0.12,1.8,0.3,0.25,1.0,0.5,0.2,0.3,0.035,870.0,air,620.0,580.0,500.0,,51.9,114.1,,38.5,pretrain,emk_spec_verified,low_alloy_normalized
emk_EMK0624_896,EMK0624,EMK_spec,0.12,1.8,0.3,0.25,1.0,0.5,0.2,0.3,0.035,870.0,air,620.0,580.0,480.0,,53.2,131.4,,36.2,pretrain,emk_spec_verified,low_alloy_normalized
emk_EMK0629_906,EMK0629,EMK_spec,0.18,1.7,0.9,0.5,0.5,0.5,0.0,,,870.0,air,620.0,590.0,500.0,17.0,50.4,140.6,,39.4,pretrain,emk_spec_verified,low_alloy_normalized
emk_EMK0629_907,EMK0629,EMK_spec,0.18,1.7,0.9,0.5,0.5,0.5,0.0,,,870.0,air,620.0,590.0,480.0,17.0,55.2,108.7,,40.9,pretrain,emk_spec_verified,low_alloy_normalized
emk_EMK0629_908,EMK0629,EMK_spec,0.18,1.7,0.9,0.5,0.5,0.5,0.0,,,870.0,air,620.0,540.0,440.0,17.0,40.8,138.1,,32.8,pretrain,emk_spec_verified,low_alloy_normalized
emk_EMK0629_909,EMK0629,EMK_spec,0.18,1.7,0.9,0.5,0.5,0.5,0.0,,,870.0,air,620.0,510.0,410.0,17.0,49.6,146.8,,30.6,pretrain,emk_spec_verified,low_alloy_normalized
emk_EMK0630_910,EMK0630,EMK_spec,0.18,1.7,1.0,0.6,1.0,0.5,0.0,,,870.0,air,620.0,640.0,550.0,16.0,22.0,38.7,,45.8,pretrain,emk_spec_verified,low_alloy_normalized
emk_EMK0630_911,EMK0630,EMK_spec,0.18,1.7,1.0,0.6,1.0,0.5,0.0,,,870.0,air,620.0,640.0,530.0,16.0,36.0,71.3,,45.4,pretrain,emk_spec_verified,low_alloy_normalized
emk_EMK0630_912,EMK0630,EMK_spec,0.18,1.7,1.0,0.6,1.0,0.5,0.0,,,870.0,air,620.0,590.0,490.0,16.0,44.9,87.9,,39.0,pretrain,emk_spec_verified,low_alloy_normalized
emk_EMK0630_913,EMK0630,EMK_spec,0.18,1.7,1.0,0.6,1.0,0.5,0.0,,,870.0,air,620.0,560.0,460.0,16.0,41.6,119.2,,36.1,pretrain,emk_spec_verified,low_alloy_normalized
emk_EMK0636_914,EMK0636,EMK_spec,0.21,1.6,0.1,0.3,0.1,0.6,0.0,0.1,0.055,870.0,air,620.0,650.0,600.0,15.0,28.4,46.0,,46.8,pretrain,emk_spec_verified,low_alloy_normalized
emk_EMK0638_915,EMK0638,EMK_spec,0.25,1.7,1.5,0.7,2.0,0.8,0.16,0.5,,870.0,air,620.0,550.0,460.0,,59.6,117.8,,36.4,pretrain,emk_spec_verified,low_alloy_normalized
emk_EMK0638_916,EMK0638,EMK_spec,0.25,1.7,1.5,0.7,2.0,0.8,0.16,0.5,,870.0,air,620.0,550.0,440.0,,41.9,146.2,,34.5,pretrain,emk_spec_verified,low_alloy_normalized
emk_EMK0638_917,EMK0638,EMK_spec,0.25,1.7,1.5,0.7,2.0,0.8,0.16,0.5,,870.0,air,620.0,500.0,400.0,,45.2,128.7,,28.6,pretrain,emk_spec_verified,low_alloy_normalized
emk_EMK0639_918,EMK0639,EMK_spec,0.25,1.7,1.5,0.7,2.0,0.8,0.16,0.5,,870.0,air,620.0,700.0,620.0,,27.4,63.7,,52.0,pretrain,emk_spec_verified,low_alloy_normalized
emk_EMK0639_919,EMK0639,EMK_spec,0.25,1.7,1.5,0.7,2.0,0.8,0.16,0.5,,870.0,air,620.0,700.0,580.0,,31.1,67.9,,50.0,pretrain,emk_spec_verified,low_alloy_normalized
emk_EMK0639_920,EMK0639,EMK_spec,0.25,1.7,1.5,0.7,2.0,0.8,0.16,0.5,,870.0,air,620.0,650.0,560.0,,37.6,31.6,,44.0,pretrain,emk_spec_verified,low_alloy_normalized
emk_EMK0640_921,EMK0640,EMK_spec,0.25,1.7,1.5,0.7,2.0,0.8,0.16,0.5,,870.0,air,620.0,770.0,690.0,12.0,23.8,49.2,,56.0,pretrain,emk_spec_verified,low_alloy_normalized
emk_EMK0640_922,EMK0640,EMK_spec,0.25,1.7,1.5,0.7,2.0,0.8,0.16,0.5,,870.0,air,620.0,720.0,650.0,12.0,21.0,52.8,,50.7,pretrain,emk_spec_verified,low_alloy_normalized
emk_EMK0640_923,EMK0640,EMK_spec,0.25,1.7,1.5,0.7,2.0,0.8,0.16,0.5,,870.0,air,620.0,710.0,630.0,12.0,24.4,54.9,,51.2,pretrain,emk_spec_verified,low_alloy_normalized
emk_EMK0641_924,EMK0641,EMK_spec,0.25,1.7,1.5,0.7,2.0,0.8,0.16,0.5,,870.0,air,620.0,770.0,690.0,12.0,32.4,30.1,,55.0,pretrain,emk_spec_verified,low_alloy_normalized
emk_EMK0641_925,EMK0641,EMK_spec,0.25,1.7,1.5,0.7,2.0,0.8,0.16,0.5,,870.0,air,620.0,720.0,650.0,12.0,25.5,69.9,,52.8,pretrain,emk_spec_verified,low_alloy_normalized
emk_EMK0641_926,EMK0641,EMK_spec,0.25,1.7,1.5,0.7,2.0,0.8,0.16,0.5,,870.0,air,620.0,710.0,630.0,12.0,37.4,34.9,,49.8,pretrain,emk_spec_verified,low_alloy_normalized
emk_EMK0642_927,EMK0642,EMK_spec,0.25,1.7,1.5,0.7,2.0,0.8,0.16,0.5,,870.0,air,620.0,770.0,690.0,12.0,35.3,43.7,,56.3,pretrain,emk_spec_verified,low_alloy_normalized
emk_EMK0642_928,EMK0642,EMK_spec,0.25,1.7,1.5,0.7,2.0,0.8,0.16,0.5,,870.0,air,620.0,720.0,650.0,12.0,38.0,50.0,,50.6,pretrain,emk_spec_verified,low_alloy_normalized
emk_EMK0642_929,EMK0642,EMK_spec,0.25,1.7,1.5,0.7,2.0,0.8,0.16,0.5,,870.0,air,620.0,710.0,630.0,12.0,37.6,35.7,,50.8,pretrain,emk_spec_verified,low_alloy_normalized
emk_EMK0645_930,EMK0645,EMK_spec,0.16,1.9,0.3,0.5,0.8,0.6,0.2,0.55,0.15,870.0,air,620.0,700.0,650.0,10.0,32.3,69.9,,48.2,pretrain,emk_spec_verified,low_alloy_normalized
emk_EMK0645_931,EMK0645,EMK_spec,0.16,1.9,0.3,0.5,0.8,0.6,0.2,0.55,0.15,870.0,air,620.0,700.0,630.0,10.0,36.5,75.7,,48.6,pretrain,emk_spec_verified,low_alloy_normalized
emk_EMK0645_932,EMK0645,EMK_spec,0.16,1.9,0.3,0.5,0.8,0.6,0.2,0.55,0.15,870.0,air,620.0,700.0,434.0,10.0,24.4,,,50.8,pretrain,emk_spec_verified,low_alloy_normalized
emk_EMK0646_933,EMK0646,EMK_spec,0.16,1.9,0.3,0.5,0.8,0.6,0.2,0.55,0.15,870.0,air,620.0,700.0,650.0,10.0,30.6,34.4,,48.3,pretrain,emk_spec_verified,low_alloy_normalized
emk_EMK0646_934,EMK0646,EMK_spec,0.16,1.9,0.3,0.5,0.8,0.6,0.2,0.55,0.15,870.0,air,620.0,700.0,630.0,10.0,38.5,52.3,,48.3,pretrain,emk_spec_verified,low_alloy_normalized
emk_EMK0646_935,EMK0646,EMK_spec,0.16,1.9,0.3,0.5,0.8,0.6,0.2,0.55,0.15,870.0,air,620.0,700.0,434.0,10.0,27.1,,,49.5,pretrain,emk_spec_verified,low_alloy_normalized
emk_EMK0648_936,EMK0648,EMK_spec,0.25,1.7,1.5,1.5,2.0,0.8,0.16,0.5,,870.0,air,620.0,940.0,890.0,,24.9,50.8,,66.5,pretrain,emk_spec_verified,low_alloy_normalized
emk_EMK0648_937,EMK0648,EMK_spec,0.25,1.7,1.5,1.5,2.0,0.8,0.16,0.5,,870.0,air,620.0,880.0,830.0,,30.7,64.2,,66.2,pretrain,emk_spec_verified,low_alloy_normalized
emk_EMK0648_938,EMK0648,EMK_spec,0.25,1.7,1.5,1.5,2.0,0.8,0.16,0.5,,870.0,air,620.0,850.0,527.0,,37.0,,,66.4,pretrain,emk_spec_verified,low_alloy_normalized
emk_EMK0649_939,EMK0649,EMK_spec,0.25,1.7,1.5,1.5,2.0,0.8,0.16,0.5,,870.0,air,620.0,940.0,890.0,,23.8,39.9,,63.1,pretrain,emk_spec_verified,low_alloy_normalized
emk_EMK0649_940,EMK0649,EMK_spec,0.25,1.7,1.5,1.5,2.0,0.8,0.16,0.5,,870.0,air,620.0,880.0,830.0,,32.5,60.7,,65.6,pretrain,emk_spec_verified,low_alloy_normalized
emk_EMK0649_941,EMK0649,EMK_spec,0.25,1.7,1.5,1.5,2.0,0.8,0.16,0.5,,870.0,air,620.0,850.0,527.0,,33.1,,,63.9,pretrain,emk_spec_verified,low_alloy_normalized
emk_EMK0650_942,EMK0650,EMK_spec,0.25,1.7,1.5,1.5,2.0,0.8,0.16,0.5,,870.0,air,620.0,940.0,890.0,,32.3,31.3,,65.8,pretrain,emk_spec_verified,low_alloy_normalized
emk_EMK0650_943,EMK0650,EMK_spec,0.25,1.7,1.5,1.5,2.0,0.8,0.16,0.5,,870.0,air,620.0,880.0,830.0,,26.5,37.2,,64.6,pretrain,emk_spec_verified,low_alloy_normalized
emk_EMK0650_944,EMK0650,EMK_spec,0.25,1.7,1.5,1.5,2.0,0.8,0.16,0.5,,870.0,air,620.0,850.0,527.0,,25.0,,,66.1,pretrain,emk_spec_verified,low_alloy_normalized
emk_EMK0651_945,EMK0651,EMK_spec,0.16,2.1,0.3,0.5,0.8,0.6,0.2,0.55,0.15,870.0,air,620.0,750.0,700.0,8.0,23.7,51.0,,53.5,pretrain,emk_spec_verified,low_alloy_normalized
emk_EMK0651_946,EMK0651,EMK_spec,0.16,2.1,0.3,0.5,0.8,0.6,0.2,0.55,0.15,870.0,air,620.0,750.0,680.0,8.0,30.5,53.9,,54.5,pretrain,emk_spec_verified,low_alloy_normalized
emk_EMK0651_947,EMK0651,EMK_spec,0.16,2.1,0.3,0.5,0.8,0.6,0.2,0.55,0.15,870.0,air,620.0,750.0,465.0,8.0,37.9,,,54.0,pretrain,emk_spec_verified,low_alloy_normalized
emk_EMK0652_948,EMK0652,EMK_spec,0.16,2.1,0.3,0.5,0.8,0.6,0.2,0.55,0.15,870.0,air,620.0,750.0,700.0,8.0,31.4,57.1,,53.9,pretrain,emk_spec_verified,low_alloy_normalized
emk_EMK0652_949,EMK0652,EMK_spec,0.16,2.1,0.3,0.5,0.8,0.6,0.2,0.55,0.15,870.0,air,620.0,750.0,680.0,8.0,20.4,47.0,,56.3,pretrain,emk_spec_verified,low_alloy_normalized
emk_EMK0652_950,EMK0652,EMK_spec,0.16,2.1,0.3,0.5,0.8,0.6,0.2,0.55,0.15,870.0,air,620.0,750.0,465.0,8.0,36.3,,,54.0,pretrain,emk_spec_verified,low_alloy_normalized
emk_EMK0653_951,EMK0653,EMK_spec,0.25,1.7,1.5,0.7,2.0,0.8,0.16,0.5,,870.0,air,620.0,550.0,460.0,,54.6,109.4,,34.6,pretrain,emk_spec_verified,low_alloy_normalized
emk_EMK0653_952,EMK0653,EMK_spec,0.25,1.7,1.5,0.7,2.0,0.8,0.16,0.5,,870.0,air,620.0,550.0,440.0,,53.3,143.4,,35.5,pretrain,emk_spec_verified,low_alloy_normalized
emk_EMK0653_953,EMK0653,EMK_spec,0.25,1.7,1.5,0.7,2.0,0.8,0.16,0.5,,870.0,air,620.0,500.0,400.0,,47.9,120.4,,31.7,pretrain,emk_spec_verified,low_alloy_normalized
emk_EMK0654_954,EMK0654,EMK_spec,0.25,1.7,1.5,0.7,2.0,0.8,0.16,0.5,,870.0,air,620.0,550.0,460.0,,49.2,126.3,,33.1,pretrain,emk_spec_verified,low_alloy_normalized
emk_EMK0654_955,EMK0654,EMK_spec,0.25,1.7,1.5,0.7,2.0,0.8,0.16,0.5,,870.0,air,620.0,550.0,440.0,,40.7,80.6,,35.3,pretrain,emk_spec_verified,low_alloy_normalized
emk_EMK0654_956,EMK0654,EMK_spec,0.25,1.7,1.5,0.7,2.0,0.8,0.16,0.5,,870.0,air,620.0,500.0,400.0,,58.2,111.8,,31.4,pretrain,emk_spec_verified,low_alloy_normalized
emk_EMK0655_957,EMK0655,EMK_spec,0.2,1.0,0.6,0.3,0.65,0.65,0.07,0.4,,870.0,air,620.0,540.0,460.0,15.0,56.8,121.4,,32.8,pretrain,emk_spec_verified,low_alloy_normalized
emk_EMK0655_958,EMK0655,EMK_spec,0.2,1.0,0.6,0.3,0.65,0.65,0.07,0.4,,870.0,air,620.0,530.0,440.0,15.0,48.7,84.4,,32.9,pretrain,emk_spec_verified,low_alloy_normalized
emk_EMK0655_959,EMK0655,EMK_spec,0.2,1.0,0.6,0.3,0.65,0.65,0.07,0.4,,870.0,air,620.0,530.0,430.0,15.0,57.3,82.0,,31.2,pretrain,emk_spec_verified,low_alloy_normalized
emk_EMK0659_960,EMK0659,EMK_spec,0.275,0.35,1.45,0.45,3.55,0.225,0.12,,0.0275,870.0,air,620.0,1040.0,940.0,14.0,50.0,28.8,,65.2,pretrain,emk_spec_verified,low_alloy_normalized
emk_EMK0660_961,EMK0660,EMK_spec,0.27,0.275,1.5,0.35,3.7,0.15,0.1,,,870.0,air,620.0,850.0,700.0,16.0,40.0,36.6,,63.3,pretrain,emk_spec_verified,low_alloy_normalized
emk_EMK0661_962,EMK0661,EMK_spec,0.23,0.9,0.3,,,0.15,0.0,0.25,0.05,900.0,,,520.0,322.4,,64.0,,,31.8,pretrain,emk_spec_verified,carbon_low
emk_EMK0662_963,EMK0662,EMK_spec,0.25,1.7,1.5,1.5,2.0,0.8,0.16,0.5,,870.0,air,620.0,850.0,770.0,13.0,23.3,42.3,,66.6,pretrain,emk_spec_verified,low_alloy_normalized
emk_EMK0662_964,EMK0662,EMK_spec,0.25,1.7,1.5,1.5,2.0,0.8,0.16,0.5,,870.0,air,620.0,770.0,710.0,13.0,32.6,66.9,,58.2,pretrain,emk_spec_verified,low_alloy_normalized
emk_EMK0662_965,EMK0662,EMK_spec,0.25,1.7,1.5,1.5,2.0,0.8,0.16,0.5,,870.0,air,620.0,720.0,670.0,13.0,36.9,42.5,,51.8,pretrain,emk_spec_verified,low_alloy_normalized
emk_EMK0663_966,EMK0663,EMK_spec,0.25,1.7,1.5,1.5,2.0,0.8,0.16,0.5,,870.0,air,620.0,770.0,770.0,,25.9,55.9,"Относительное удлинение, %",55.9,pretrain,emk_spec_verified,low_alloy_normalized
emk_EMK0663_967,EMK0663,EMK_spec,0.25,1.7,1.5,1.5,2.0,0.8,0.16,0.5,,870.0,air,620.0,720.0,710.0,,27.4,63.4,"Относительное удлинение, %",53.0,pretrain,emk_spec_verified,low_alloy_normalized
emk_EMK0663_968,EMK0663,EMK_spec,0.25,1.7,1.5,1.5,2.0,0.8,0.16,0.5,,870.0,air,620.0,710.0,670.0,,37.7,70.3,"Относительное удлинение, %",49.1,pretrain,emk_spec_verified,low_alloy_normalized
emk_EMK0664_969,EMK0664,EMK_spec,0.12,2.1,0.3,0.5,1.0,0.6,0.2,0.3,0.035,870.0,air,620.0,750.0,700.0,,22.0,30.0,,55.9,pretrain,emk_spec_verified,low_alloy_normalized
emk_EMK0664_970,EMK0664,EMK_spec,0.12,2.1,0.3,0.5,1.0,0.6,0.2,0.3,0.035,870.0,air,620.0,750.0,680.0,,32.2,75.4,,56.9,pretrain,emk_spec_verified,low_alloy_normalized
emk_EMK0665_971,EMK0665,EMK_spec,0.12,1.8,0.3,0.5,1.0,0.5,0.2,0.3,0.035,870.0,air,620.0,700.0,650.0,,33.5,50.0,,51.7,pretrain,emk_spec_verified,low_alloy_normalized
emk_EMK0665_972,EMK0665,EMK_spec,0.12,1.8,0.3,0.5,1.0,0.5,0.2,0.3,0.035,870.0,air,620.0,700.0,630.0,,38.7,65.2,,51.0,pretrain,emk_spec_verified,low_alloy_normalized
emk_EMK0666_973,EMK0666,EMK_spec,0.12,1.8,0.3,0.5,1.0,0.5,0.2,0.3,0.035,870.0,air,620.0,650.0,600.0,,20.8,33.2,,43.1,pretrain,emk_spec_verified,low_alloy_normalized
emk_EMK0666_974,EMK0666,EMK_spec,0.12,1.8,0.3,0.5,1.0,0.5,0.2,0.3,0.035,870.0,air,620.0,650.0,580.0,,26.4,74.0,,44.8,pretrain,emk_spec_verified,low_alloy_normalized
emk_EMK0667_975,EMK0667,EMK_spec,0.12,1.8,0.3,0.5,1.0,0.5,0.2,0.3,0.035,870.0,air,620.0,600.0,550.0,,25.6,61.4,,41.8,pretrain,emk_spec_verified,low_alloy_normalized
emk_EMK0667_976,EMK0667,EMK_spec,0.12,1.8,0.3,0.5,1.0,0.5,0.2,0.3,0.035,870.0,air,620.0,600.0,530.0,,39.6,64.4,,40.2,pretrain,emk_spec_verified,low_alloy_normalized
emk_EMK0668_977,EMK0668,EMK_spec,0.12,1.65,0.25,0.08,1.0,0.5,0.2,0.3,0.035,870.0,air,620.0,450.0,355.0,,57.7,143.6,,24.6,pretrain,emk_spec_verified,low_alloy_normalized
emk_EMK0668_978,EMK0668,EMK_spec,0.12,1.65,0.25,0.08,1.0,0.5,0.2,0.3,0.035,870.0,air,620.0,450.0,345.0,,43.3,113.7,,23.7,pretrain,emk_spec_verified,low_alloy_normalized
emk_EMK0669_979,EMK0669,EMK_spec,0.18,1.325,0.25,0.08,0.7,0.55,0.06,0.3,0.2825,870.0,air,620.0,460.0,355.0,,43.0,143.7,,27.9,pretrain,emk_spec_verified,low_alloy_normalized
emk_EMK0669_980,EMK0669,EMK_spec,0.18,1.325,0.25,0.08,0.7,0.55,0.06,0.3,0.2825,870.0,air,620.0,460.0,345.0,,46.8,131.1,,25.3,pretrain,emk_spec_verified,low_alloy_normalized
emk_EMK0669_981,EMK0669,EMK_spec,0.18,1.325,0.25,0.08,0.7,0.55,0.06,0.3,0.2825,870.0,air,620.0,440.0,335.0,,45.8,125.1,,24.2,pretrain,emk_spec_verified,low_alloy_normalized
emk_EMK0670_982,EMK0670,EMK_spec,0.18,1.7,0.8,0.6,1.0,0.55,0.14,1.0,0.04,870.0,air,620.0,810.0,770.0,,22.3,43.8,,62.2,pretrain,emk_spec_verified,low_alloy_normalized
emk_EMK0670_983,EMK0670,EMK_spec,0.18,1.7,0.8,0.6,1.0,0.55,0.14,1.0,0.04,870.0,air,620.0,810.0,740.0,,27.5,35.3,,61.2,pretrain,emk_spec_verified,low_alloy_normalized
emk_EMK0670_984,EMK0670,EMK_spec,0.18,1.7,0.8,0.6,1.0,0.55,0.14,1.0,0.04,870.0,air,620.0,810.0,710.0,,37.6,39.4,,62.7,pretrain,emk_spec_verified,low_alloy_normalized
emk_EMK0670_985,EMK0670,EMK_spec,0.18,1.7,0.8,0.6,1.0,0.55,0.14,1.0,0.04,870.0,air,620.0,720.0,670.0,,34.6,67.6,,52.8,pretrain,emk_spec_verified,low_alloy_normalized
emk_EMK0671_986,EMK0671,EMK_spec,0.18,1.7,0.8,0.6,1.0,0.55,0.14,1.0,0.04,870.0,air,620.0,770.0,690.0,,36.6,38.1,,56.6,pretrain,emk_spec_verified,low_alloy_normalized
emk_EMK0671_987,EMK0671,EMK_spec,0.18,1.7,0.8,0.6,1.0,0.55,0.14,1.0,0.04,870.0,air,620.0,770.0,670.0,,35.8,38.7,,55.9,pretrain,emk_spec_verified,low_alloy_normalized
emk_EMK0671_988,EMK0671,EMK_spec,0.18,1.7,0.8,0.6,1.0,0.55,0.14,1.0,0.04,870.0,air,620.0,770.0,650.0,,23.2,74.1,,57.7,pretrain,emk_spec_verified,low_alloy_normalized
emk_EMK0671_989,EMK0671,EMK_spec,0.18,1.7,0.8,0.6,1.0,0.55,0.14,1.0,0.04,870.0,air,620.0,710.0,630.0,,20.3,57.0,,52.5,pretrain,emk_spec_verified,low_alloy_normalized
emk_EMK0672_990,EMK0672,EMK_spec,0.18,1.7,0.8,0.6,1.0,0.55,0.14,1.0,0.04,870.0,air,620.0,700.0,620.0,,26.5,61.2,,48.1,pretrain,emk_spec_verified,low_alloy_normalized
emk_EMK0672_991,EMK0672,EMK_spec,0.18,1.7,0.8,0.6,1.0,0.55,0.14,1.0,0.04,870.0,air,620.0,700.0,600.0,,23.6,39.7,,49.0,pretrain,emk_spec_verified,low_alloy_normalized
emk_EMK0672_992,EMK0672,EMK_spec,0.18,1.7,0.8,0.6,1.0,0.55,0.14,1.0,0.04,870.0,air,620.0,700.0,580.0,,21.6,43.3,,50.5,pretrain,emk_spec_verified,low_alloy_normalized
emk_EMK0672_993,EMK0672,EMK_spec,0.18,1.7,0.8,0.6,1.0,0.55,0.14,1.0,0.04,870.0,air,620.0,650.0,560.0,,30.7,42.2,,45.2,pretrain,emk_spec_verified,low_alloy_normalized
emk_EMK0673_994,EMK0673,EMK_spec,0.18,1.7,0.3,0.6,1.0,0.55,0.14,1.0,0.04,870.0,air,620.0,640.0,550.0,,38.6,68.0,,42.1,pretrain,emk_spec_verified,low_alloy_normalized
emk_EMK0673_995,EMK0673,EMK_spec,0.18,1.7,0.3,0.6,1.0,0.55,0.14,1.0,0.04,870.0,air,620.0,640.0,550.0,,27.3,70.4,,45.8,pretrain,emk_spec_verified,low_alloy_normalized
emk_EMK0673_996,EMK0673,EMK_spec,0.18,1.7,0.3,0.6,1.0,0.55,0.14,1.0,0.04,870.0,air,620.0,640.0,530.0,,30.0,51.7,,45.9,pretrain,emk_spec_verified,low_alloy_normalized
emk_EMK0673_997,EMK0673,EMK_spec,0.18,1.7,0.3,0.6,1.0,0.55,0.14,1.0,0.04,870.0,air,620.0,590.0,490.0,,49.1,96.3,,39.2,pretrain,emk_spec_verified,low_alloy_normalized
emk_EMK0674_998,EMK0674,EMK_spec,0.18,1.7,0.3,0.6,1.0,0.55,0.14,1.0,0.04,870.0,air,620.0,590.0,500.0,,40.6,136.8,,39.7,pretrain,emk_spec_verified,low_alloy_normalized
emk_EMK0674_999,EMK0674,EMK_spec,0.18,1.7,0.3,0.6,1.0,0.55,0.14,1.0,0.04,870.0,air,620.0,590.0,500.0,,55.4,117.7,,37.1,pretrain,emk_spec_verified,low_alloy_normalized
emk_EMK0674_1000,EMK0674,EMK_spec,0.18,1.7,0.3,0.6,1.0,0.55,0.14,1.0,0.04,870.0,air,620.0,590.0,480.0,,44.4,101.1,,39.9,pretrain,emk_spec_verified,low_alloy_normalized
emk_EMK0674_1001,EMK0674,EMK_spec,0.18,1.7,0.3,0.6,1.0,0.55,0.14,1.0,0.04,870.0,air,620.0,540.0,440.0,,44.0,112.6,,34.5,pretrain,emk_spec_verified,low_alloy_normalized
emk_EMK0675_1002,EMK0675,EMK_spec,0.16,1.325,0.3,0.4,0.65,0.35,0.1,0.3,0.04,870.0,air,620.0,550.0,460.0,,48.0,127.3,,34.3,pretrain,emk_spec_verified,low_alloy_normalized
emk_EMK0675_1003,EMK0675,EMK_spec,0.16,1.325,0.3,0.4,0.65,0.35,0.1,0.3,0.04,870.0,air,620.0,550.0,460.0,,50.5,88.8,,36.5,pretrain,emk_spec_verified,low_alloy_normalized
emk_EMK0675_1004,EMK0675,EMK_spec,0.16,1.325,0.3,0.4,0.65,0.35,0.1,0.3,0.04,870.0,air,620.0,550.0,440.0,,46.8,123.0,,33.6,pretrain,emk_spec_verified,low_alloy_normalized
emk_EMK0675_1005,EMK0675,EMK_spec,0.16,1.325,0.3,0.4,0.65,0.35,0.1,0.3,0.04,870.0,air,620.0,500.0,400.0,,51.2,105.9,,29.9,pretrain,emk_spec_verified,low_alloy_normalized
emk_EMK0676_1006,EMK0676,EMK_spec,0.16,1.325,0.3,0.4,0.65,0.35,0.1,0.3,0.04,870.0,air,620.0,500.0,420.0,,51.3,110.8,,31.7,pretrain,emk_spec_verified,low_alloy_normalized
emk_EMK0676_1007,EMK0676,EMK_spec,0.16,1.325,0.3,0.4,0.65,0.35,0.1,0.3,0.04,870.0,air,620.0,500.0,420.0,,43.9,88.3,,31.5,pretrain,emk_spec_verified,low_alloy_normalized
emk_EMK0676_1008,EMK0676,EMK_spec,0.16,1.325,0.3,0.4,0.65,0.35,0.1,0.3,0.04,870.0,air,620.0,500.0,400.0,,58.5,115.3,,29.3,pretrain,emk_spec_verified,low_alloy_normalized
emk_EMK0676_1009,EMK0676,EMK_spec,0.16,1.325,0.3,0.4,0.65,0.35,0.1,0.3,0.04,870.0,air,620.0,480.0,380.0,,49.7,146.6,,27.7,pretrain,emk_spec_verified,low_alloy_normalized
emk_EMK0677_1010,EMK0677,EMK_spec,0.08,1.5,11.5,,1.0,0.7,0.0,,,,,,320.0,280.0,,45.1,135.5,,20.9,pretrain,emk_spec_verified,stainless_ferritic
emk_EMK0677_1011,EMK0677,EMK_spec,0.08,1.5,11.5,,1.0,0.7,0.0,,,,,,320.0,280.0,,51.2,97.8,,21.8,pretrain,emk_spec_verified,stainless_ferritic
emk_EMK0677_1012,EMK0677,EMK_spec,0.08,1.5,11.5,,1.0,0.7,0.0,,,,,,280.0,250.0,,52.3,149.2,,20.4,pretrain,emk_spec_verified,stainless_ferritic
emk_EMK0678_1013,EMK0678,EMK_spec,0.075,0.5,2.4,1.0,,0.3,0.25,,0.02,870.0,air,620.0,565.0,248.0,17.0,47.2,131.7,,35.9,pretrain,emk_spec_verified,low_alloy_normalized
emk_EMK0686_1034,EMK0686,EMK_spec,2.05,0.3,11.5,,,0.25,0.0,,,1000.0,oil,650.0,750.0,550.0,14.0,20.3,46.4,,70.0,pretrain,emk_spec_verified,stainless_martensitic
emk_EMK0692_1035,EMK0692,EMK_spec,0.015,0.7,20.5,,32.0,0.075,0.0,0.5,0.425,1050.0,water,,500.0,75.0,35.0,59.7,126.9,,30.0,pretrain,emk_spec_verified,stainless_austenitic
emk_EMK0693_1036,EMK0693,EMK_spec,0.07,1.5,16.0,,13.0,0.45,0.0,,,1050.0,water,,510.0,250.0,40.0,49.9,133.6,,30.3,pretrain,emk_spec_verified,stainless_austenitic
emk_EMK0693_1037,EMK0693,EMK_spec,0.07,1.5,16.0,,13.0,0.45,0.0,,,1050.0,water,,510.0,240.0,40.0,58.3,149.8,,30.0,pretrain,emk_spec_verified,stainless_austenitic
emk_EMK0693_1038,EMK0693,EMK_spec,0.07,1.5,16.0,,13.0,0.45,0.0,,,1050.0,water,,490.0,240.0,40.0,54.1,147.7,,28.6,pretrain,emk_spec_verified,stainless_austenitic
emk_EMK0694_1039,EMK0694,EMK_spec,0.07,1.5,16.5,1.3,13.5,0.45,0.455,,,1050.0,water,,540.0,152.0,30.0,53.1,84.0,,35.9,pretrain,emk_spec_verified,stainless_austenitic
emk_EMK0695_1040,EMK0695,EMK_spec,0.07,1.5,16.5,1.8,16.5,0.45,0.0,,,1050.0,water,,530.0,137.0,35.0,52.3,95.6,,32.6,pretrain,emk_spec_verified,stainless_austenitic
emk_EMK0698_1042,EMK0698,EMK_spec,0.06,2.0,18.0,,11.0,1.0,0.0,,,1050.0,water,,510.0,109.0,35.0,53.7,135.4,,29.8,pretrain,emk_spec_verified,stainless_austenitic
emk_EMK0701_1046,EMK0701,EMK_spec,0.06,2.0,17.0,2.25,13.0,0.75,0.0,,,1050.0,water,,530.0,205.0,35.0,44.3,122.5,,32.4,pretrain,emk_spec_verified,stainless_austenitic
emk_EMK0704_1048,EMK0704,EMK_spec,0.06,2.0,23.0,,13.5,0.7,0.0,,,1050.0,water,,530.0,250.0,35.0,40.3,145.5,,34.7,pretrain,emk_spec_verified,stainless_austenitic
emk_EMK0704_1049,EMK0704,EMK_spec,0.06,2.0,23.0,,13.5,0.7,0.0,,,1050.0,water,,510.0,240.0,35.0,57.7,135.7,,32.6,pretrain,emk_spec_verified,stainless_austenitic
emk_EMK0704_1050,EMK0704,EMK_spec,0.06,2.0,23.0,,13.5,0.7,0.0,,,1050.0,water,,510.0,240.0,35.0,55.3,139.1,,32.9,pretrain,emk_spec_verified,stainless_austenitic
emk_EMK0705_1051,EMK0705,EMK_spec,0.08,1.0,17.0,,1.4,1.0,0.0,,,1020.0,water,,500.0,350.0,12.0,44.1,104.1,,30.4,pretrain,emk_spec_verified,stainless_duplex
emk_EMK0706_1052,EMK0706,EMK_spec,0.08,1.0,13.0,,,1.0,0.0,,0.2,,,,250.0,230.0,,52.5,142.6,,21.9,pretrain,emk_spec_verified,stainless_ferritic
emk_EMK0706_1053,EMK0706,EMK_spec,0.08,1.0,13.0,,,1.0,0.0,,0.2,,,,230.0,210.0,,44.8,81.0,,19.9,pretrain,emk_spec_verified,stainless_ferritic
emk_EMK0706_1054,EMK0706,EMK_spec,0.08,1.0,13.0,,,1.0,0.0,,0.2,,,,230.0,210.0,,55.9,115.0,,19.0,pretrain,emk_spec_verified,stainless_ferritic
emk_EMK0709_1057,EMK0709,EMK_spec,0.08,1.0,14.5,0.7,1.75,1.0,0.0,,,1020.0,water,,550.0,420.0,16.0,52.4,117.0,,35.4,pretrain,emk_spec_verified,stainless_duplex
emk_EMK0709_1058,EMK0709,EMK_spec,0.08,1.0,14.5,0.7,1.75,1.0,0.0,,,1020.0,water,,550.0,380.0,14.0,49.6,102.1,,35.1,pretrain,emk_spec_verified,stainless_duplex
emk_EMK0710_1059,EMK0710,EMK_spec,0.03,7.0,16.75,,4.5,1.0,0.0,1.0,,1020.0,water,,650.0,330.0,,29.7,70.7,,46.2,pretrain,emk_spec_verified,stainless_duplex
emk_EMK0710_1060,EMK0710,EMK_spec,0.03,7.0,16.75,,4.5,1.0,0.0,1.0,,1020.0,water,,650.0,320.0,,23.0,67.5,,43.8,pretrain,emk_spec_verified,stainless_duplex
emk_EMK0710_1061,EMK0710,EMK_spec,0.03,7.0,16.75,,4.5,1.0,0.0,1.0,,1020.0,water,,630.0,320.0,,33.4,51.2,,42.3,pretrain,emk_spec_verified,stainless_duplex
emk_EMK0711_1062,EMK0711,EMK_spec,0.02,2.0,12.0,1.55,4.5,0.5,0.0,0.5,,1020.0,water,,750.0,550.0,15.0,22.6,100.0,≥ 3 мм,70.0,pretrain,emk_spec_verified,stainless_duplex
emk_EMK0711_1063,EMK0711,EMK_spec,0.02,2.0,12.0,1.55,4.5,0.5,0.0,0.5,,1020.0,water,,750.0,550.0,15.0,33.8,100.0,≥ 3 мм,70.0,pretrain,emk_spec_verified,stainless_duplex
emk_EMK0712_1064,EMK0712,EMK_spec,0.02,2.0,12.0,2.55,6.5,0.5,0.0,0.5,,1050.0,water,,750.0,550.0,15.0,31.9,100.0,≥ 3 мм,70.0,pretrain,emk_spec_verified,stainless_austenitic
emk_EMK0712_1065,EMK0712,EMK_spec,0.02,2.0,12.0,2.55,6.5,0.5,0.0,0.5,,1050.0,water,,750.0,550.0,15.0,31.6,100.0,≥ 3 мм,70.0,pretrain,emk_spec_verified,stainless_austenitic
emk_EMK0716_1068,EMK0716,EMK_spec,0.025,1.0,29.0,4.0,,1.0,0.0,,,,,,550.0,450.0,20.0,59.3,139.9,,36.8,pretrain,emk_spec_verified,stainless_ferritic
emk_EMK0717_1069,EMK0717,EMK_spec,0.1,6.5,18.75,,3.25,1.0,0.0,,,1020.0,water,,600.0,420.0,,29.8,48.9,,39.3,pretrain,emk_spec_verified,stainless_duplex
emk_EMK0717_1070,EMK0717,EMK_spec,0.1,6.5,18.75,,3.25,1.0,0.0,,,1020.0,water,,600.0,420.0,,38.8,62.4,,41.7,pretrain,emk_spec_verified,stainless_duplex
emk_EMK0721_1078,EMK0721,EMK_spec,0.06,11.5,18.0,0.5,4.0,1.0,0.0,2.25,,1020.0,water,,650.0,400.0,,32.8,70.3,,45.1,pretrain,emk_spec_verified,stainless_duplex
emk_EMK0722_1079,EMK0722,EMK_spec,0.08,13.0,18.0,,3.0,1.0,0.0,,,1020.0,water,,690.0,420.0,,32.7,60.1,,70.0,pretrain,emk_spec_verified,stainless_duplex
emk_EMK0722_1080,EMK0722,EMK_spec,0.08,13.0,18.0,,3.0,1.0,0.0,,,1020.0,water,,690.0,420.0,,29.5,48.1,,70.0,pretrain,emk_spec_verified,stainless_duplex
emk_EMK0723_1081,EMK0723,EMK_spec,0.15,12.5,17.75,,1.5,1.0,0.0,,,1020.0,water,,690.0,420.0,,25.6,72.8,,70.0,pretrain,emk_spec_verified,stainless_duplex
emk_EMK0723_1082,EMK0723,EMK_spec,0.15,12.5,17.75,,1.5,1.0,0.0,,,1020.0,water,,690.0,420.0,,33.7,33.6,,70.0,pretrain,emk_spec_verified,stainless_duplex
emk_EMK0724_1083,EMK0724,EMK_spec,0.03,8.0,15.0,0.8,5.25,1.0,0.0,3.0,,1020.0,water,,400.0,210.0,45.0,42.4,97.6,,70.0,pretrain,emk_spec_verified,stainless_duplex
emk_EMK0725_1084,EMK0725,EMK_spec,0.15,9.0,18.0,,5.0,1.0,0.0,,,1020.0,water,,540.0,250.0,45.0,54.7,134.7,,35.9,pretrain,emk_spec_verified,stainless_duplex
emk_EMK0725_1085,EMK0725,EMK_spec,0.15,9.0,18.0,,5.0,1.0,0.0,,,1020.0,water,,520.0,250.0,45.0,56.5,123.6,,33.6,pretrain,emk_spec_verified,stainless_duplex
emk_EMK0725_1086,EMK0725,EMK_spec,0.15,9.0,18.0,,5.0,1.0,0.0,,,1020.0,water,,520.0,240.0,45.0,45.2,82.5,,32.1,pretrain,emk_spec_verified,stainless_duplex
emk_EMK0731_1087,EMK0731,EMK_spec,0.03,1.75,12.0,,0.65,1.0,0.0,,,,,,500.0,375.0,20.0,59.7,97.6,,30.9,pretrain,emk_spec_verified,stainless_ferritic
emk_EMK0734_1092,EMK0734,EMK_spec,0.055,2.75,18.5,,6.2,0.5,0.0,1.65,,1050.0,water,,540.0,260.0,45.0,53.5,84.6,,33.7,pretrain,emk_spec_verified,stainless_austenitic
emk_EMK0734_1093,EMK0734,EMK_spec,0.055,2.75,18.5,,6.2,0.5,0.0,1.65,,1050.0,water,,520.0,240.0,45.0,43.8,105.0,,33.7,pretrain,emk_spec_verified,stainless_austenitic
emk_EMK0740_1096,EMK0740,EMK_spec,0.03,1.0,18.0,2.0,,1.35,0.0,,,,,,480.0,350.0,30.0,48.5,82.7,,70.0,pretrain,emk_spec_verified,stainless_ferritic
emk_EMK0741_1097,EMK0741,EMK_spec,0.07,1.0,15.25,0.5,4.25,1.0,0.0,3.5,,1020.0,water,,930.0,720.0,10.0,24.9,57.7,,70.0,pretrain,emk_spec_verified,stainless_duplex
emk_EMK0742_1098,EMK0742,EMK_spec,0.07,1.0,16.25,,4.0,1.0,0.0,4.0,,1020.0,water,,1070.0,1000.0,10.0,20.0,22.0,,70.0,pretrain,emk_spec_verified,stainless_duplex
emk_EMK0743_1099,EMK0743,EMK_spec,0.08,2.5,18.5,2.0,0.75,1.0,0.0,,,,,,430.0,240.0,14.0,43.1,105.3,,70.0,pretrain,emk_spec_verified,stainless_ferritic
emk_EMK0756_1101,EMK0756,EMK_spec,0.255,0.65,1.05,0.225,0.3,0.275,0.06,0.3,,870.0,air,620.0,650.0,420.0,18.0,30.8,31.8,,46.3,pretrain,emk_spec_verified,low_alloy_normalized
emk_EMK0786_1113,EMK0786,EMK_spec,0.165,0.7,2.25,1.05,,0.6,0.0,,,870.0,air,620.0,590.0,400.0,18.0,57.2,135.1,,38.5,pretrain,emk_spec_verified,low_alloy_normalized
emk_EMK0788_1115,EMK0788,EMK_spec,0.175,1.0,0.3,0.55,0.4,0.6,0.05,0.3,,870.0,air,620.0,440.0,240.0,,41.8,102.2,,23.9,pretrain,emk_spec_verified,low_alloy_normalized
emk_EMK0791_1117,EMK0791,EMK_spec,0.09,0.65,0.3,0.2,2.5,0.6,0.05,0.3,,870.0,air,620.0,480.0,280.0,,54.5,93.4,,27.8,pretrain,emk_spec_verified,low_alloy_normalized
emk_EMK0792_1118,EMK0792,EMK_spec,0.09,0.65,0.3,0.2,3.5,0.6,0.05,0.3,,870.0,air,620.0,500.0,360.0,,58.4,101.6,,29.6,pretrain,emk_spec_verified,low_alloy_normalized
emk_EMK0797_1119,EMK0797,EMK_spec,0.155,0.65,5.0,0.55,,0.8,0.05,0.3,,870.0,air,620.0,630.0,420.0,16.0,39.4,39.8,,41.1,pretrain,emk_spec_verified,low_alloy_normalized
emk_EMK0799_1120,EMK0799,EMK_spec,0.25,2.0,20.0,0.5,14.0,1.5,0.12,0.25,,1040.0,air,480.0,450.0,230.0,10.0,59.5,133.4,,26.6,pretrain,emk_spec_verified,stainless_PH
emk_EMK0800_1121,EMK0800,EMK_spec,0.03,2.0,19.0,2.25,10.5,1.5,0.0,0.5,,1050.0,water,,440.0,195.0,30.0,58.8,124.3,,23.7,pretrain,emk_spec_verified,stainless_austenitic
emk_EMK0801_1122,EMK0801,EMK_spec,0.025,1.2,20.0,6.5,18.5,1.0,0.0,0.75,,1050.0,water,,500.0,260.0,35.0,55.1,100.7,,30.5,pretrain,emk_spec_verified,stainless_austenitic
emk_EMK0802_1123,EMK0802,EMK_spec,0.03,1.5,25.5,3.0,6.0,1.0,0.0,3.125,,1020.0,water,,650.0,480.0,22.0,27.6,66.4,,43.6,pretrain,emk_spec_verified,stainless_duplex
emk_EMK0803_1124,EMK0803,EMK_spec,0.03,2.0,22.0,3.0,5.5,1.0,0.0,0.05,,1020.0,water,,600.0,420.0,20.0,39.2,67.9,,38.1,pretrain,emk_spec_verified,stainless_duplex
emk_EMK0804_1125,EMK0804,EMK_spec,0.03,2.0,25.5,3.0,6.25,1.0,0.0,0.5,,1050.0,water,,650.0,480.0,22.0,32.9,34.3,,46.9,pretrain,emk_spec_verified,stainless_austenitic
emk_EMK0805_1126,EMK0805,EMK_spec,0.03,1.5,25.0,3.5,7.25,1.0,0.0,1.0,,1050.0,water,,650.0,480.0,22.0,23.8,76.2,,46.9,pretrain,emk_spec_verified,stainless_austenitic
emk_EMK0806_1127,EMK0806,EMK_spec,0.03,1.0,26.0,4.0,7.0,1.0,0.0,1.3,,1050.0,water,,650.0,400.0,22.0,31.6,53.0,,43.8,pretrain,emk_spec_verified,stainless_austenitic
emk_EMK0808_1128,EMK0808,EMK_spec,0.05,1.0,12.5,0.7,4.25,1.0,0.08,0.3,,1020.0,water,,700.0,500.0,15.0,33.3,71.3,,48.7,pretrain,emk_spec_verified,stainless_duplex
emk_EMK0815_1130,EMK0815,EMK_spec,0.4,2.0,19.5,0.5,37.5,1.75,0.12,0.25,,1040.0,air,480.0,420.0,300.0,4.0,54.5,80.7,,21.0,pretrain,emk_spec_verified,stainless_PH
emk_EMK0816_1131,EMK0816,EMK_spec,0.06,1.0,12.75,0.7,4.25,1.0,0.08,0.3,,1020.0,water,,760.0,550.0,15.0,31.9,74.5,,56.0,pretrain,emk_spec_verified,stainless_duplex
emk_EMK0817_1132,EMK0817,EMK_spec,0.05,2.0,26.0,1.65,5.5,1.0,0.0,0.5,,1020.0,water,,600.0,420.0,20.0,28.5,33.3,,39.9,pretrain,emk_spec_verified,stainless_duplex
emk_EMK0818_1133,EMK0818,EMK_spec,0.07,1.5,19.0,2.25,10.5,1.5,0.0,0.5,,1050.0,water,,440.0,185.0,30.0,52.9,60.0,,25.0,pretrain,emk_spec_verified,stainless_austenitic
emk_EMK0819_1134,EMK0819,EMK_spec,0.07,1.5,19.0,2.25,10.5,1.5,0.0,0.5,,1050.0,water,,440.0,185.0,25.0,40.2,121.0,,23.2,pretrain,emk_spec_verified,stainless_austenitic
emk_EMK0832_1139,EMK0832,EMK_spec,0.16,1.3,0.3,0.1,0.3,0.4,0.0,0.25,0.0375,900.0,,,415.0,245.0,,45.9,80.5,,22.0,pretrain,emk_spec_verified,carbon_low
emk_EMK0843_1144,EMK0843,EMK_spec,0.185,0.625,13.0,,0.5,1.0,0.0,0.25,,1000.0,oil,650.0,655.0,552.0,,28.8,49.1,,70.0,pretrain,emk_spec_verified,stainless_martensitic
emk_EMK0908_1187,EMK0908,EMK_spec,0.35,1.35,1.5,0.85,0.99,,0.0,,,850.0,oil,580.0,931.0,862.0,,23.5,51.0,,66.3,pretrain,emk_spec_verified,low_alloy_QT
emk_EMK0909_1188,EMK0909,EMK_spec,0.55,1.2,0.95,0.5,0.99,,0.0,,,850.0,oil,580.0,724.0,655.0,,39.8,35.1,,70.0,pretrain,emk_spec_verified,low_alloy_QT
emk_EMK0910_1189,EMK0910,EMK_spec,0.105,0.4,0.08,0.02,0.08,0.03,0.0,0.08,0.05,900.0,,,385.0,365.0,,59.1,113.9,,18.3,pretrain,emk_spec_verified,carbon_low
emk_EMK0911_1190,EMK0911,EMK_spec,0.06,0.265,0.08,0.02,0.08,0.03,0.0,0.08,0.05,900.0,,,540.0,530.0,,52.1,143.9,,35.3,pretrain,emk_spec_verified,carbon_low
emk_EMK0926_1194,EMK0926,EMK_spec,0.16,1.5,0.3,0.1,0.3,0.5,0.08,0.55,,900.0,,,360.0,275.0,,40.9,111.0,,21.7,pretrain,emk_spec_verified,carbon_low
emk_EMK0926_1195,EMK0926,EMK_spec,0.16,1.5,0.3,0.1,0.3,0.5,0.08,0.55,,900.0,,,360.0,265.0,,48.7,117.7,,18.8,pretrain,emk_spec_verified,carbon_low
emk_EMK0926_1196,EMK0926,EMK_spec,0.16,1.5,0.3,0.1,0.3,0.5,0.08,0.55,,900.0,,,360.0,255.0,,54.6,85.0,,20.6,pretrain,emk_spec_verified,carbon_low
emk_EMK0973_1300,EMK0973,EMK_spec,0.16,1.6,0.3,0.1,0.5,0.5,0.1,0.55,,900.0,,,450.0,355.0,19.0,49.5,98.7,,23.6,pretrain,emk_spec_verified,carbon_low
emk_EMK0973_1301,EMK0973,EMK_spec,0.16,1.6,0.3,0.1,0.5,0.5,0.1,0.55,,900.0,,,450.0,345.0,19.0,53.6,118.7,,26.1,pretrain,emk_spec_verified,carbon_low
emk_EMK0973_1302,EMK0973,EMK_spec,0.16,1.6,0.3,0.1,0.5,0.5,0.1,0.55,,900.0,,,450.0,335.0,19.0,50.3,81.3,,25.8,pretrain,emk_spec_verified,carbon_low
emk_EMK0984_1329,EMK0984,EMK_spec,0.14,1.65,0.25,0.08,0.7,0.55,0.08,0.3,0.035,870.0,air,620.0,500.0,420.0,,47.2,80.4,,30.2,pretrain,emk_spec_verified,low_alloy_normalized
emk_EMK0984_1330,EMK0984,EMK_spec,0.14,1.65,0.25,0.08,0.7,0.55,0.08,0.3,0.035,870.0,air,620.0,500.0,410.0,,40.8,136.7,,28.9,pretrain,emk_spec_verified,low_alloy_normalized
emk_EMK0987_1332,EMK0987,EMK_spec,0.15,1.65,0.25,0.25,0.7,0.35,0.2,0.3,0.035,870.0,air,620.0,750.0,700.0,,24.4,51.5,,55.6,pretrain,emk_spec_verified,low_alloy_normalized
emk_EMK0987_1333,EMK0987,EMK_spec,0.15,1.65,0.25,0.25,0.7,0.35,0.2,0.3,0.035,870.0,air,620.0,750.0,680.0,,33.9,75.6,,54.3,pretrain,emk_spec_verified,low_alloy_normalized
emk_EMK0991_1352,EMK0991,EMK_spec,0.14,1.7,0.25,0.08,0.7,0.55,0.08,0.3,0.035,870.0,air,620.0,530.0,460.0,,46.0,93.2,,32.6,pretrain,emk_spec_verified,low_alloy_normalized
emk_EMK0991_1353,EMK0991,EMK_spec,0.14,1.7,0.25,0.08,0.7,0.55,0.08,0.3,0.035,870.0,air,620.0,530.0,440.0,,46.8,108.6,,34.9,pretrain,emk_spec_verified,low_alloy_normalized
emk_EMK0991_1354,EMK0991,EMK_spec,0.14,1.7,0.25,0.08,0.7,0.55,0.08,0.3,0.035,870.0,air,620.0,530.0,430.0,,59.0,114.9,,34.6,pretrain,emk_spec_verified,low_alloy_normalized
emk_EMK0992_1355,EMK0992,EMK_spec,0.14,1.7,0.25,0.08,0.7,0.55,0.08,0.3,0.035,870.0,air,620.0,530.0,460.0,,48.1,125.7,,32.6,pretrain,emk_spec_verified,low_alloy_normalized
emk_EMK0992_1356,EMK0992,EMK_spec,0.14,1.7,0.25,0.08,0.7,0.55,0.08,0.3,0.035,870.0,air,620.0,530.0,440.0,,42.2,119.7,,32.8,pretrain,emk_spec_verified,low_alloy_normalized
emk_EMK0992_1357,EMK0992,EMK_spec,0.14,1.7,0.25,0.08,0.7,0.55,0.08,0.3,0.035,870.0,air,620.0,530.0,430.0,,41.2,134.7,,34.7,pretrain,emk_spec_verified,low_alloy_normalized
emk_EMK0997_1361,EMK0997,EMK_spec,0.15,9.0,18.0,,5.0,1.0,0.0,,,1020.0,water,,680.0,370.0,45.0,39.2,71.4,,48.7,pretrain,emk_spec_verified,stainless_duplex
emk_EMK0997_1362,EMK0997,EMK_spec,0.15,9.0,18.0,,5.0,1.0,0.0,,,1020.0,water,,680.0,360.0,45.0,34.4,65.1,,46.7,pretrain,emk_spec_verified,stainless_duplex
emk_EMK0997_1363,EMK0997,EMK_spec,0.15,9.0,18.0,,5.0,1.0,0.0,,,1020.0,water,,600.0,360.0,35.0,25.9,56.6,,40.5,pretrain,emk_spec_verified,stainless_duplex
emk_EMK1001_1369,EMK1001,EMK_spec,0.2,0.65,10.75,0.65,0.4,0.5,0.2,,0.02,1000.0,oil,650.0,900.0,750.0,12.0,31.3,65.0,,70.0,pretrain,emk_spec_verified,stainless_martensitic
emk_EMK1002_1370,EMK1002,EMK_spec,0.02,1.0,15.0,,,1.0,0.0,,,,,,380.0,220.0,25.0,51.2,86.8,,20.3,pretrain,emk_spec_verified,stainless_ferritic
emk_EMK1005_1373,EMK1005,EMK_spec,0.03,1.0,16.75,,,1.0,0.0,,,,,,400.0,250.0,23.0,44.0,103.8,,18.0,pretrain,emk_spec_verified,stainless_ferritic
emk_EMK1007_1375,EMK1007,EMK_spec,0.03,2.0,23.0,0.35,4.5,1.0,0.0,2.0,,1020.0,water,,600.0,420.0,20.0,29.2,31.8,,38.7,pretrain,emk_spec_verified,stainless_duplex
emk_EMK1007_1376,EMK1007,EMK_spec,0.03,2.0,23.0,0.35,4.5,1.0,0.0,2.0,,1020.0,water,,600.0,400.0,20.0,21.2,76.7,,40.0,pretrain,emk_spec_verified,stainless_duplex
emk_EMK1007_1377,EMK1007,EMK_spec,0.03,2.0,23.0,0.35,4.5,1.0,0.0,2.0,,1020.0,water,,630.0,400.0,,35.0,39.3,,44.3,pretrain,emk_spec_verified,stainless_duplex
emk_EMK1010_1382,EMK1010,EMK_spec,0.03,1.0,11.5,,,1.0,0.0,,,,,,220.0,210.0,,46.0,107.7,,21.6,pretrain,emk_spec_verified,stainless_ferritic
emk_EMK1010_1383,EMK1010,EMK_spec,0.03,1.0,11.5,,,1.0,0.0,,,,,,220.0,210.0,,43.3,97.4,,20.9,pretrain,emk_spec_verified,stainless_ferritic
emk_EMK1011_1384,EMK1011,EMK_spec,0.03,1.0,21.5,,33.5,0.7,0.0,,0.3,1050.0,water,,450.0,90.0,35.0,42.0,147.7,,24.4,pretrain,emk_spec_verified,stainless_austenitic
emk_EMK1016_1388,EMK1016,EMK_spec,0.4,0.8,10.5,1.05,0.5,2.5,0.0,,,1000.0,oil,650.0,930.0,760.0,14.0,32.9,64.0,,70.0,pretrain,emk_spec_verified,stainless_martensitic
emk_EMK1019_1389,EMK1019,EMK_spec,0.45,0.6,9.0,,0.5,3.0,0.0,,,850.0,oil,580.0,800.0,600.0,20.0,40.0,32.1,,70.0,pretrain,emk_spec_verified,low_alloy_QT
emk_EMK1023_1392,EMK1023,EMK_spec,0.375,1.0,14.5,0.5,,1.0,0.125,,,1000.0,oil,650.0,977.0,138.0,,33.8,55.7,,41.0,pretrain,emk_spec_verified,stainless_martensitic
emk_EMK1024_1393,EMK1024,EMK_spec,0.08,2.0,17.0,2.75,12.0,1.0,0.0,,,1050.0,water,,580.0,310.0,55.0,40.4,98.2,,70.0,pretrain,emk_spec_verified,stainless_austenitic
emk_EMK1025_1394,EMK1025,EMK_spec,0.25,1.25,13.0,1.25,0.85,,0.0,,,1000.0,oil,650.0,855.0,676.0,8.0,24.1,63.8,,65.9,pretrain,emk_spec_verified,stainless_martensitic
emk_EMK1026_1395,EMK1026,EMK_spec,0.08,1.0,13.0,,,1.0,0.0,,,,,,485.0,275.0,20.0,49.3,85.2,,28.1,pretrain,emk_spec_verified,stainless_ferritic
emk_EMK1031_1400,EMK1031,EMK_spec,0.03,1.0,14.5,0.5,0.5,0.85,0.0,0.5,1.5,,,,380.0,230.0,20.0,48.2,112.9,,19.6,pretrain,emk_spec_verified,stainless_ferritic
emk_EMK1034_1403,EMK1034,EMK_spec,0.03,1.0,18.0,0.5,0.5,0.85,0.0,0.5,0.85,,,,430.0,260.0,18.0,59.3,85.7,,24.2,pretrain,emk_spec_verified,stainless_ferritic
emk_EMK1035_1404,EMK1035,EMK_spec,0.03,1.0,19.5,,,1.0,0.0,,,,,,430.0,250.0,18.0,40.1,134.6,,23.7,pretrain,emk_spec_verified,stainless_ferritic
emk_EMK1042_1411,EMK1042,EMK_spec,0.14,1.325,0.25,0.08,0.7,0.55,0.06,0.3,0.035,870.0,air,620.0,470.0,355.0,,46.8,97.4,,25.4,pretrain,emk_spec_verified,low_alloy_normalized
emk_EMK1042_1412,EMK1042,EMK_spec,0.14,1.325,0.25,0.08,0.7,0.55,0.06,0.3,0.035,870.0,air,620.0,470.0,355.0,,43.3,96.1,,26.6,pretrain,emk_spec_verified,low_alloy_normalized
emk_EMK1042_1413,EMK1042,EMK_spec,0.14,1.325,0.25,0.08,0.7,0.55,0.06,0.3,0.035,870.0,air,620.0,470.0,345.0,,49.2,119.2,,29.0,pretrain,emk_spec_verified,low_alloy_normalized
emk_EMK1042_1414,EMK1042,EMK_spec,0.14,1.325,0.25,0.08,0.7,0.55,0.06,0.3,0.035,870.0,air,620.0,470.0,335.0,,49.8,107.0,,27.7,pretrain,emk_spec_verified,low_alloy_normalized
emk_EMK1042_1415,EMK1042,EMK_spec,0.14,1.325,0.25,0.08,0.7,0.55,0.06,0.3,0.035,870.0,air,620.0,470.0,325.0,,43.5,131.3,,28.7,pretrain,emk_spec_verified,low_alloy_normalized
emk_EMK1042_1416,EMK1042,EMK_spec,0.14,1.325,0.25,0.08,0.7,0.55,0.06,0.3,0.035,870.0,air,620.0,460.0,320.0,,42.3,133.4,,27.9,pretrain,emk_spec_verified,low_alloy_normalized
emk_EMK1042_1417,EMK1042,EMK_spec,0.14,1.325,0.25,0.08,0.7,0.55,0.06,0.3,0.035,870.0,air,620.0,450.0,300.0,,55.4,83.7,,25.9,pretrain,emk_spec_verified,low_alloy_normalized
emk_EMK1043_1418,EMK1043,EMK_spec,0.14,1.325,0.25,0.08,0.7,0.55,0.06,0.3,0.035,870.0,air,620.0,470.0,355.0,,55.8,109.5,,27.3,pretrain,emk_spec_verified,low_alloy_normalized
emk_EMK1043_1419,EMK1043,EMK_spec,0.14,1.325,0.25,0.08,0.7,0.55,0.06,0.3,0.035,870.0,air,620.0,470.0,355.0,,47.0,108.6,,27.5,pretrain,emk_spec_verified,low_alloy_normalized
emk_EMK1043_1420,EMK1043,EMK_spec,0.14,1.325,0.25,0.08,0.7,0.55,0.06,0.3,0.035,870.0,air,620.0,470.0,345.0,,51.0,120.3,,28.5,pretrain,emk_spec_verified,low_alloy_normalized
emk_EMK1043_1421,EMK1043,EMK_spec,0.14,1.325,0.25,0.08,0.7,0.55,0.06,0.3,0.035,870.0,air,620.0,470.0,335.0,,43.9,107.0,,25.9,pretrain,emk_spec_verified,low_alloy_normalized
emk_EMK1043_1422,EMK1043,EMK_spec,0.14,1.325,0.25,0.08,0.7,0.55,0.06,0.3,0.035,870.0,air,620.0,470.0,325.0,,52.0,106.9,,25.6,pretrain,emk_spec_verified,low_alloy_normalized
emk_EMK1043_1423,EMK1043,EMK_spec,0.14,1.325,0.25,0.08,0.7,0.55,0.06,0.3,0.035,870.0,air,620.0,470.0,325.0,,58.0,127.4,,25.4,pretrain,emk_spec_verified,low_alloy_normalized
emk_EMK1044_1424,EMK1044,EMK_spec,0.21,1.6,0.1,0.3,0.1,0.6,0.0,0.1,0.055,870.0,air,620.0,950.0,900.0,12.0,36.9,30.0,,64.4,pretrain,emk_spec_verified,low_alloy_normalized
emk_EMK1045_1425,EMK1045,EMK_spec,0.1,0.75,0.55,0.38,1.9,0.4,0.0,0.5,0.05,870.0,air,620.0,650.0,600.0,15.0,32.9,50.0,,45.5,pretrain,emk_spec_verified,low_alloy_normalized
emk_EMK1046_1426,EMK1046,EMK_spec,0.1,0.75,0.55,0.38,1.9,0.4,0.0,0.5,0.05,870.0,air,620.0,950.0,900.0,12.0,20.0,50.0,,63.7,pretrain,emk_spec_verified,low_alloy_normalized
emk_EMK1058_1430,EMK1058,EMK_spec,0.16,2.1,0.3,0.2,0.8,0.6,0.12,0.55,,870.0,air,620.0,530.0,460.0,15.0,42.9,120.3,,32.9,pretrain,emk_spec_verified,low_alloy_normalized
emk_EMK1058_1431,EMK1058,EMK_spec,0.16,2.1,0.3,0.2,0.8,0.6,0.12,0.55,,870.0,air,620.0,530.0,440.0,15.0,49.9,96.7,,33.4,pretrain,emk_spec_verified,low_alloy_normalized
emk_EMK1058_1432,EMK1058,EMK_spec,0.16,2.1,0.3,0.2,0.8,0.6,0.12,0.55,,870.0,air,620.0,530.0,430.0,15.0,44.5,131.4,,33.5,pretrain,emk_spec_verified,low_alloy_normalized
emk_EMK1059_1433,EMK1059,EMK_spec,0.16,2.1,0.3,0.2,0.8,0.6,0.12,0.55,,870.0,air,620.0,580.0,500.0,17.0,52.3,86.3,,38.1,pretrain,emk_spec_verified,low_alloy_normalized
emk_EMK1059_1434,EMK1059,EMK_spec,0.16,2.1,0.3,0.2,0.8,0.6,0.12,0.55,,870.0,air,620.0,580.0,480.0,17.0,43.1,149.4,,36.1,pretrain,emk_spec_verified,low_alloy_normalized
emk_EMK1059_1435,EMK1059,EMK_spec,0.16,2.1,0.3,0.2,0.8,0.6,0.12,0.55,,870.0,air,620.0,580.0,460.0,17.0,45.3,144.4,,37.2,pretrain,emk_spec_verified,low_alloy_normalized
emk_EMK1060_1436,EMK1060,EMK_spec,0.16,1.8,0.3,0.5,0.8,0.6,0.2,0.55,,870.0,air,620.0,600.0,550.0,12.0,24.9,43.0,,41.4,pretrain,emk_spec_verified,low_alloy_normalized
emk_EMK1060_1437,EMK1060,EMK_spec,0.16,1.8,0.3,0.5,0.8,0.6,0.2,0.55,,870.0,air,620.0,600.0,530.0,12.0,29.9,33.3,,41.2,pretrain,emk_spec_verified,low_alloy_normalized
emk_EMK1060_1438,EMK1060,EMK_spec,0.16,1.8,0.3,0.5,0.8,0.6,0.2,0.55,,870.0,air,620.0,600.0,500.0,12.0,21.3,77.1,,41.8,pretrain,emk_spec_verified,low_alloy_normalized
emk_EMK1061_1439,EMK1061,EMK_spec,0.16,1.9,0.3,0.5,0.8,0.6,0.2,0.55,,870.0,air,620.0,650.0,600.0,11.0,28.8,37.4,,46.1,pretrain,emk_spec_verified,low_alloy_normalized
emk_EMK1061_1440,EMK1061,EMK_spec,0.16,1.9,0.3,0.5,0.8,0.6,0.2,0.55,,870.0,air,620.0,650.0,580.0,11.0,30.1,51.3,,43.1,pretrain,emk_spec_verified,low_alloy_normalized
emk_EMK1061_1441,EMK1061,EMK_spec,0.16,1.9,0.3,0.5,0.8,0.6,0.2,0.55,,870.0,air,620.0,650.0,550.0,11.0,35.6,56.0,,46.7,pretrain,emk_spec_verified,low_alloy_normalized
emk_EMK1062_1442,EMK1062,EMK_spec,0.16,1.5,0.3,0.1,0.3,0.5,0.08,0.55,,900.0,,,360.0,275.0,,48.1,92.5,,20.8,pretrain,emk_spec_verified,carbon_low
emk_EMK1062_1443,EMK1062,EMK_spec,0.16,1.5,0.3,0.1,0.3,0.5,0.08,0.55,,900.0,,,360.0,265.0,,45.2,124.0,,21.3,pretrain,emk_spec_verified,carbon_low
emk_EMK1062_1444,EMK1062,EMK_spec,0.16,1.5,0.3,0.1,0.3,0.5,0.08,0.55,,900.0,,,360.0,255.0,,58.2,105.9,,20.3,pretrain,emk_spec_verified,carbon_low
emk_EMK1064_1445,EMK1064,EMK_spec,0.16,1.8,0.3,0.5,0.8,0.6,0.2,0.55,,870.0,air,620.0,600.0,550.0,12.0,24.8,71.7,,38.2,pretrain,emk_spec_verified,low_alloy_normalized
emk_EMK1064_1446,EMK1064,EMK_spec,0.16,1.8,0.3,0.5,0.8,0.6,0.2,0.55,,870.0,air,620.0,600.0,530.0,12.0,37.3,65.1,,40.2,pretrain,emk_spec_verified,low_alloy_normalized
emk_EMK1064_1447,EMK1064,EMK_spec,0.16,1.8,0.3,0.5,0.8,0.6,0.2,0.55,,870.0,air,620.0,600.0,500.0,12.0,20.7,61.4,,38.4,pretrain,emk_spec_verified,low_alloy_normalized
emk_EMK1065_1448,EMK1065,EMK_spec,0.16,1.9,0.3,0.5,0.8,0.6,0.2,0.55,,870.0,air,620.0,650.0,600.0,11.0,23.6,66.9,,45.3,pretrain,emk_spec_verified,low_alloy_normalized
emk_EMK1065_1449,EMK1065,EMK_spec,0.16,1.9,0.3,0.5,0.8,0.6,0.2,0.55,,870.0,air,620.0,650.0,580.0,11.0,22.7,32.5,,47.0,pretrain,emk_spec_verified,low_alloy_normalized
emk_EMK1065_1450,EMK1065,EMK_spec,0.16,1.9,0.3,0.5,0.8,0.6,0.2,0.55,,870.0,air,620.0,650.0,550.0,11.0,32.3,73.8,,43.5,pretrain,emk_spec_verified,low_alloy_normalized
emk_EMK1069_1451,EMK1069,EMK_spec,0.25,1.7,1.5,0.7,2.0,0.8,0.16,0.5,,870.0,air,620.0,590.0,500.0,,43.4,145.2,,39.0,pretrain,emk_spec_verified,low_alloy_normalized
emk_EMK1069_1452,EMK1069,EMK_spec,0.25,1.7,1.5,0.7,2.0,0.8,0.16,0.5,,870.0,air,620.0,590.0,480.0,,51.7,116.4,,38.1,pretrain,emk_spec_verified,low_alloy_normalized
emk_EMK1069_1453,EMK1069,EMK_spec,0.25,1.7,1.5,0.7,2.0,0.8,0.16,0.5,,870.0,air,620.0,540.0,440.0,,43.6,89.2,,32.1,pretrain,emk_spec_verified,low_alloy_normalized
emk_EMK1070_1454,EMK1070,EMK_spec,0.25,1.7,1.5,0.7,2.0,0.8,0.16,0.5,,870.0,air,620.0,590.0,500.0,,46.6,127.6,,38.7,pretrain,emk_spec_verified,low_alloy_normalized
emk_EMK1070_1455,EMK1070,EMK_spec,0.25,1.7,1.5,0.7,2.0,0.8,0.16,0.5,,870.0,air,620.0,590.0,480.0,,42.2,130.1,,38.6,pretrain,emk_spec_verified,low_alloy_normalized
emk_EMK1070_1456,EMK1070,EMK_spec,0.25,1.7,1.5,0.7,2.0,0.8,0.16,0.5,,870.0,air,620.0,540.0,440.0,,59.7,88.8,,32.8,pretrain,emk_spec_verified,low_alloy_normalized
emk_EMK1071_1457,EMK1071,EMK_spec,0.25,1.7,1.5,0.7,2.0,0.8,0.16,0.5,,870.0,air,620.0,590.0,500.0,,57.9,124.3,,38.0,pretrain,emk_spec_verified,low_alloy_normalized
emk_EMK1071_1458,EMK1071,EMK_spec,0.25,1.7,1.5,0.7,2.0,0.8,0.16,0.5,,870.0,air,620.0,590.0,480.0,,57.6,86.2,,38.3,pretrain,emk_spec_verified,low_alloy_normalized
emk_EMK1071_1459,EMK1071,EMK_spec,0.25,1.7,1.5,0.7,2.0,0.8,0.16,0.5,,870.0,air,620.0,540.0,440.0,,45.2,105.1,,34.0,pretrain,emk_spec_verified,low_alloy_normalized
emk_EMK1072_1460,EMK1072,EMK_spec,0.25,1.7,1.5,0.7,2.0,0.8,0.16,0.5,,870.0,air,620.0,640.0,550.0,,39.3,76.6,,45.3,pretrain,emk_spec_verified,low_alloy_normalized
emk_EMK1072_1461,EMK1072,EMK_spec,0.25,1.7,1.5,0.7,2.0,0.8,0.16,0.5,,870.0,air,620.0,640.0,530.0,,38.2,59.8,,45.7,pretrain,emk_spec_verified,low_alloy_normalized
emk_EMK1072_1462,EMK1072,EMK_spec,0.25,1.7,1.5,0.7,2.0,0.8,0.16,0.5,,870.0,air,620.0,590.0,490.0,,42.8,142.4,,38.5,pretrain,emk_spec_verified,low_alloy_normalized
emk_EMK1073_1463,EMK1073,EMK_spec,0.25,1.7,1.5,0.7,2.0,0.8,0.16,0.5,,870.0,air,620.0,640.0,550.0,,33.8,35.6,,45.1,pretrain,emk_spec_verified,low_alloy_normalized
emk_EMK1073_1464,EMK1073,EMK_spec,0.25,1.7,1.5,0.7,2.0,0.8,0.16,0.5,,870.0,air,620.0,640.0,530.0,,22.4,63.1,,45.1,pretrain,emk_spec_verified,low_alloy_normalized
emk_EMK1073_1465,EMK1073,EMK_spec,0.25,1.7,1.5,0.7,2.0,0.8,0.16,0.5,,870.0,air,620.0,590.0,490.0,,49.3,140.3,,40.2,pretrain,emk_spec_verified,low_alloy_normalized
emk_EMK1074_1466,EMK1074,EMK_spec,0.25,1.7,1.5,0.7,2.0,0.8,0.16,0.5,,870.0,air,620.0,640.0,550.0,,39.7,57.5,,43.8,pretrain,emk_spec_verified,low_alloy_normalized
emk_EMK1074_1467,EMK1074,EMK_spec,0.25,1.7,1.5,0.7,2.0,0.8,0.16,0.5,,870.0,air,620.0,640.0,530.0,,23.6,31.3,,45.5,pretrain,emk_spec_verified,low_alloy_normalized
emk_EMK1074_1468,EMK1074,EMK_spec,0.25,1.7,1.5,0.7,2.0,0.8,0.16,0.5,,870.0,air,620.0,590.0,490.0,,43.5,123.2,,40.9,pretrain,emk_spec_verified,low_alloy_normalized
emk_EMK1075_1469,EMK1075,EMK_spec,0.25,1.7,1.5,0.7,2.0,0.8,0.16,0.5,,870.0,air,620.0,700.0,620.0,,36.8,68.3,,49.8,pretrain,emk_spec_verified,low_alloy_normalized
emk_EMK1075_1470,EMK1075,EMK_spec,0.25,1.7,1.5,0.7,2.0,0.8,0.16,0.5,,870.0,air,620.0,700.0,580.0,,23.2,68.1,,50.8,pretrain,emk_spec_verified,low_alloy_normalized
emk_EMK1075_1471,EMK1075,EMK_spec,0.25,1.7,1.5,0.7,2.0,0.8,0.16,0.5,,870.0,air,620.0,650.0,560.0,,21.5,62.3,,46.5,pretrain,emk_spec_verified,low_alloy_normalized
emk_EMK1076_1472,EMK1076,EMK_spec,0.25,1.7,1.5,0.7,2.0,0.8,0.16,0.5,,870.0,air,620.0,700.0,620.0,,38.1,51.2,,49.4,pretrain,emk_spec_verified,low_alloy_normalized
emk_EMK1076_1473,EMK1076,EMK_spec,0.25,1.7,1.5,0.7,2.0,0.8,0.16,0.5,,870.0,air,620.0,700.0,580.0,,22.0,49.3,,49.9,pretrain,emk_spec_verified,low_alloy_normalized
emk_EMK1076_1474,EMK1076,EMK_spec,0.25,1.7,1.5,0.7,2.0,0.8,0.16,0.5,,870.0,air,620.0,650.0,560.0,,31.0,76.1,,45.7,pretrain,emk_spec_verified,low_alloy_normalized
emk_EMK1078_1475,EMK1078,EMK_spec,0.25,1.7,1.5,1.5,2.0,0.8,0.16,0.5,,870.0,air,620.0,850.0,770.0,,38.2,65.3,"Относительное удлинение, %",64.2,pretrain,emk_spec_verified,low_alloy_normalized
emk_EMK1078_1476,EMK1078,EMK_spec,0.25,1.7,1.5,1.5,2.0,0.8,0.16,0.5,,870.0,air,620.0,770.0,710.0,,32.1,78.2,"Относительное удлинение, %",55.8,pretrain,emk_spec_verified,low_alloy_normalized
emk_EMK1078_1477,EMK1078,EMK_spec,0.25,1.7,1.5,1.5,2.0,0.8,0.16,0.5,,870.0,air,620.0,720.0,670.0,,32.3,35.9,"Относительное удлинение, %",52.7,pretrain,emk_spec_verified,low_alloy_normalized
emk_EMK1079_1478,EMK1079,EMK_spec,0.25,1.7,1.5,1.5,2.0,0.8,0.16,0.5,,870.0,air,620.0,980.0,960.0,8.0,22.6,55.5,,65.5,pretrain,emk_spec_verified,low_alloy_normalized
emk_EMK1079_1479,EMK1079,EMK_spec,0.25,1.7,1.5,1.5,2.0,0.8,0.16,0.5,,870.0,air,620.0,900.0,850.0,8.0,28.1,66.1,,65.2,pretrain,emk_spec_verified,low_alloy_normalized
emk_EMK1079_1480,EMK1079,EMK_spec,0.25,1.7,1.5,1.5,2.0,0.8,0.16,0.5,,870.0,air,620.0,870.0,539.4,8.0,25.7,,,64.3,pretrain,emk_spec_verified,low_alloy_normalized
emk_EMK1080_1481,EMK1080,EMK_spec,0.25,1.7,1.5,1.5,2.0,0.8,0.16,0.5,,870.0,air,620.0,980.0,960.0,8.0,26.1,50.3,,66.9,pretrain,emk_spec_verified,low_alloy_normalized
emk_EMK1080_1482,EMK1080,EMK_spec,0.25,1.7,1.5,1.5,2.0,0.8,0.16,0.5,,870.0,air,620.0,900.0,850.0,8.0,29.3,61.7,,66.7,pretrain,emk_spec_verified,low_alloy_normalized
emk_EMK1080_1483,EMK1080,EMK_spec,0.25,1.7,1.5,1.5,2.0,0.8,0.16,0.5,,870.0,air,620.0,870.0,539.4,8.0,23.8,,,63.4,pretrain,emk_spec_verified,low_alloy_normalized
emk_EMK1081_1484,EMK1081,EMK_spec,0.25,1.7,1.5,1.5,2.0,0.8,0.16,0.5,,870.0,air,620.0,980.0,960.0,8.0,38.3,66.9,,64.8,pretrain,emk_spec_verified,low_alloy_normalized
emk_EMK1081_1485,EMK1081,EMK_spec,0.25,1.7,1.5,1.5,2.0,0.8,0.16,0.5,,870.0,air,620.0,900.0,850.0,8.0,31.0,30.0,,66.4,pretrain,emk_spec_verified,low_alloy_normalized
emk_EMK1081_1486,EMK1081,EMK_spec,0.25,1.7,1.5,1.5,2.0,0.8,0.16,0.5,,870.0,air,620.0,870.0,539.4,8.0,34.9,,,64.2,pretrain,emk_spec_verified,low_alloy_normalized
emk_EMK1094_1488,EMK1094,EMK_spec,0.05,20.0,13.0,0.5,0.35,0.5,0.0,,,,,,900.0,770.0,25.0,50.0,79.7,,70.0,pretrain,emk_spec_verified,stainless_ferritic
emk_EMK1106_1489,EMK1106,EMK_spec,0.4,2.0,25.5,0.5,20.5,1.75,0.0,,,1040.0,air,480.0,450.0,240.0,10.0,40.3,142.0,,26.2,pretrain,emk_spec_verified,stainless_PH
emk_EMK1138_1492,EMK1138,EMK_spec,0.05,20.0,14.0,0.475,1.5,0.45,0.0,,,1020.0,water,,900.0,770.0,,50.0,71.8,,70.0,pretrain,emk_spec_verified,stainless_duplex
emk_EMK1140_1493,EMK1140,EMK_spec,1.2,12.5,0.5,,,0.5,0.0,,,1050.0,water,,590.0,295.0,25.0,51.6,101.1,,39.0,pretrain,emk_spec_verified,high_Mn_austenitic
emk_EMK1156_1498,EMK1156,EMK_spec,0.05,1.0,17.0,,,1.0,0.0,,,,,,240.0,230.0,,58.0,115.5,,19.0,pretrain,emk_spec_verified,stainless_ferritic
emk_EMK1162_1509,EMK1162,EMK_spec,0.03,2.0,17.5,2.25,11.0,1.0,0.0,,,1050.0,water,,580.0,280.0,45.0,40.0,110.6,,37.3,pretrain,emk_spec_verified,stainless_austenitic
emk_EMK1164_1513,EMK1164,EMK_spec,0.07,2.0,17.5,2.25,11.5,1.0,0.0,1.55,,1050.0,water,,500.0,235.0,40.0,43.3,96.6,,70.0,pretrain,emk_spec_verified,stainless_austenitic
emk_EMK1900_1524,EMK1900,EMK_spec,0.07,0.35,2.25,0.175,0.4,0.5,0.25,,0.03,870.0,air,620.0,510.0,400.0,20.0,40.0,124.6,,70.0,pretrain,emk_spec_verified,low_alloy_normalized
emk_EMK1901_1525,EMK1901,EMK_spec,0.105,0.45,8.75,0.95,0.4,0.35,0.215,,0.02,870.0,air,620.0,585.0,415.0,20.0,40.0,96.8,,70.0,pretrain,emk_spec_verified,low_alloy_normalized
emk_EMK1902_1526,EMK1902,EMK_spec,0.03,2.0,22.5,3.25,5.5,1.0,0.0,,,1020.0,water,,655.0,450.0,25.0,45.0,48.8,,44.4,pretrain,emk_spec_verified,stainless_duplex
emk_EMK1903_1527,EMK1903,EMK_spec,0.03,1.0,25.0,3.5,7.0,1.0,0.0,0.75,,1050.0,water,,750.0,550.0,25.0,45.0,35.6,,54.6,pretrain,emk_spec_verified,stainless_austenitic
emk_EMK1905_1528,EMK1905,EMK_spec,0.03,2.0,22.0,3.0,5.5,1.0,0.0,,,1020.0,water,,620.0,450.0,25.0,45.0,50.4,,42.7,pretrain,emk_spec_verified,stainless_duplex
emk_EMK1906_1529,EMK1906,EMK_spec,0.03,2.0,18.5,4.5,15.5,1.0,0.0,,,1050.0,water,,550.0,240.0,40.0,50.0,92.1,,34.8,pretrain,emk_spec_verified,stainless_austenitic
emk_EMK1907_1530,EMK1907,EMK_spec,0.018,2.0,17.75,0.2,14.75,4.0,0.0,0.5,,1050.0,water,,540.0,240.0,40.0,50.0,140.5,,33.2,pretrain,emk_spec_verified,stainless_austenitic
emk_EMK1908_1531,EMK1908,EMK_spec,0.02,1.0,20.0,6.25,18.0,0.8,0.0,0.75,,1050.0,water,,650.0,300.0,35.0,50.0,54.9,,46.6,pretrain,emk_spec_verified,stainless_austenitic
emk_EMK1913_1536,EMK1913,EMK_spec,0.15,0.45,5.0,0.545,0.5,0.5,0.0,,,870.0,air,620.0,485.0,275.0,20.0,30.0,114.0,,70.0,pretrain,emk_spec_verified,low_alloy_normalized
emk_EMK2200_1541,EMK2200,EMK_spec,0.2,1.0,11.25,1.0,0.55,0.5,0.3,,,1000.0,oil,650.0,700.0,500.0,,38.3,71.5,,50.5,pretrain,emk_spec_verified,stainless_martensitic
emk_EMK2201_1542,EMK2201,EMK_spec,0.2,1.3,0.35,0.13,0.55,0.55,0.14,0.06,,870.0,air,620.0,490.0,355.0,,50.6,125.2,,27.2,pretrain,emk_spec_verified,low_alloy_normalized
emk_EMK2201_1543,EMK2201,EMK_spec,0.2,1.3,0.35,0.13,0.55,0.55,0.14,0.06,,870.0,air,620.0,490.0,345.0,,43.7,98.5,,27.2,pretrain,emk_spec_verified,low_alloy_normalized
emk_EMK2201_1544,EMK2201,EMK_spec,0.2,1.3,0.35,0.13,0.55,0.55,0.14,0.06,,870.0,air,620.0,490.0,335.0,,50.3,84.6,,30.1,pretrain,emk_spec_verified,low_alloy_normalized
emk_EMK2201_1545,EMK2201,EMK_spec,0.2,1.3,0.35,0.13,0.55,0.55,0.14,0.06,,870.0,air,620.0,470.0,315.0,,44.1,129.4,,28.6,pretrain,emk_spec_verified,low_alloy_normalized
emk_EMK2201_1546,EMK2201,EMK_spec,0.2,1.3,0.35,0.13,0.55,0.55,0.14,0.06,,870.0,air,620.0,460.0,305.0,,55.3,106.4,,25.9,pretrain,emk_spec_verified,low_alloy_normalized
emk_EMK2201_1547,EMK2201,EMK_spec,0.2,1.3,0.35,0.13,0.55,0.55,0.14,0.06,,870.0,air,620.0,450.0,295.0,,40.1,137.0,,25.6,pretrain,emk_spec_verified,low_alloy_normalized
emk_EMK2205_1548,EMK2205,EMK_spec,0.4,1.5,1.9,0.2,,0.4,0.0,,,850.0,oil,580.0,960.0,850.0,10.0,45.0,74.6,,70.0,pretrain,emk_spec_verified,low_alloy_QT
emk_EMK2524_1551,EMK2524,EMK_spec,0.15,0.45,9.0,1.0,,0.625,0.0,,,870.0,air,620.0,585.0,380.0,20.0,40.0,134.8,,70.0,pretrain,emk_spec_verified,low_alloy_normalized
emk_EMK2525_1552,EMK2525,EMK_spec,0.1,0.45,9.0,0.45,0.4,0.5,0.2,,0.02,870.0,air,620.0,620.0,440.0,20.0,45.0,36.8,,70.0,pretrain,emk_spec_verified,low_alloy_normalized
emk_EMK2537_1554,EMK2537,EMK_spec,0.08,2.0,17.0,2.5,12.0,1.0,0.0,,,1050.0,water,,515.0,205.0,30.0,40.0,137.7,,33.3,pretrain,emk_spec_verified,stainless_austenitic
emk_EMK2538_1555,EMK2538,EMK_spec,0.08,2.0,19.0,3.5,13.0,1.0,0.0,,,1050.0,water,,515.0,205.0,30.0,50.0,98.1,,33.4,pretrain,emk_spec_verified,stainless_austenitic
NIMS_00000,NIMS_carbon_steel,NIMS,0.35,0.77,0.01,0.0,0.01,0.21,0.0,0.02,0.0,,,,736.0,,,,,,,pretrain,nims_measured,carbon_steel
NIMS_00001,NIMS_carbon_steel,NIMS,0.35,0.74,0.1,0.0,0.01,0.3,0.0,0.01,0.0,,,,736.0,,,,,,,pretrain,nims_measured,carbon_steel
NIMS_00002,NIMS_carbon_steel,NIMS,0.34,0.74,0.02,0.0,0.01,0.26,0.0,0.01,0.0,,,,690.0,,,,,,,pretrain,nims_measured,carbon_steel
NIMS_00003,NIMS_carbon_steel,NIMS,0.36,0.7,0.12,0.0,0.08,0.26,0.0,0.09,0.0,,,,790.0,,,,,,,pretrain,nims_measured,carbon_steel
NIMS_00004,NIMS_carbon_steel,NIMS,0.33,0.75,0.03,0.0,0.01,0.21,0.0,0.02,0.0,,,,720.0,,,,,,,pretrain,nims_measured,carbon_steel
NIMS_00005,NIMS_carbon_steel,NIMS,0.38,0.7,0.09,0.0,0.06,0.29,0.0,0.11,0.0,,,,830.0,,,,,,,pretrain,nims_measured,carbon_steel
NIMS_00006,NIMS_carbon_steel,NIMS,0.33,0.76,0.1,0.0,0.01,0.26,0.0,0.03,0.0,,,,778.0,,,,,,,pretrain,nims_measured,carbon_steel
NIMS_00007,NIMS_carbon_steel,NIMS,0.32,0.73,0.02,0.0,0.02,0.26,0.0,0.03,0.0,,,,748.0,,,,,,,pretrain,nims_measured,carbon_steel
NIMS_00008,NIMS_carbon_steel,NIMS,0.37,0.78,0.11,0.0,0.01,0.27,0.0,0.02,0.0,,,,763.0,,,,,,,pretrain,nims_measured,carbon_steel
NIMS_00009,NIMS_carbon_steel,NIMS,0.35,0.82,0.01,0.0,0.03,0.25,0.0,0.01,0.0,,,,722.0,,,,,,,pretrain,nims_measured,carbon_steel
NIMS_00010,NIMS_carbon_steel,NIMS,0.37,0.72,0.02,0.0,0.02,0.24,0.0,0.02,0.0,,,,776.0,,,,,,,pretrain,nims_measured,carbon_steel
NIMS_00011,NIMS_carbon_steel,NIMS,0.32,0.63,0.1,0.0,0.06,0.21,0.0,0.08,0.0,,,,715.0,,,,,,,pretrain,nims_measured,carbon_steel
NIMS_00012,NIMS_carbon_steel,NIMS,0.35,0.77,0.01,0.0,0.01,0.21,0.0,0.02,0.0,,,,678.0,,,,,,,pretrain,nims_measured,carbon_steel
NIMS_00013,NIMS_carbon_steel,NIMS,0.35,0.74,0.1,0.0,0.01,0.3,0.0,0.01,0.0,,,,699.0,,,,,,,pretrain,nims_measured,carbon_steel
NIMS_00014,NIMS_carbon_steel,NIMS,0.34,0.74,0.02,0.0,0.01,0.26,0.0,0.01,0.0,,,,654.0,,,,,,,pretrain,nims_measured,carbon_steel
NIMS_00015,NIMS_carbon_steel,NIMS,0.36,0.7,0.12,0.0,0.08,0.26,0.0,0.09,0.0,,,,738.0,,,,,,,pretrain,nims_measured,carbon_steel
NIMS_00016,NIMS_carbon_steel,NIMS,0.33,0.75,0.03,0.0,0.01,0.21,0.0,0.02,0.0,,,,682.0,,,,,,,pretrain,nims_measured,carbon_steel
NIMS_00017,NIMS_carbon_steel,NIMS,0.38,0.7,0.09,0.0,0.06,0.29,0.0,0.11,0.0,,,,720.0,,,,,,,pretrain,nims_measured,carbon_steel
NIMS_00018,NIMS_carbon_steel,NIMS,0.33,0.76,0.1,0.0,0.01,0.26,0.0,0.03,0.0,,,,721.0,,,,,,,pretrain,nims_measured,carbon_steel
NIMS_00019,NIMS_carbon_steel,NIMS,0.32,0.73,0.02,0.0,0.02,0.26,0.0,0.03,0.0,,,,688.0,,,,,,,pretrain,nims_measured,carbon_steel
NIMS_00020,NIMS_carbon_steel,NIMS,0.37,0.78,0.11,0.0,0.01,0.27,0.0,0.02,0.0,,,,705.0,,,,,,,pretrain,nims_measured,carbon_steel
NIMS_00021,NIMS_carbon_steel,NIMS,0.35,0.82,0.01,0.0,0.03,0.25,0.0,0.01,0.0,,,,681.0,,,,,,,pretrain,nims_measured,carbon_steel
NIMS_00022,NIMS_carbon_steel,NIMS,0.37,0.72,0.02,0.0,0.02,0.24,0.0,0.02,0.0,,,,721.0,,,,,,,pretrain,nims_measured,carbon_steel
NIMS_00023,NIMS_carbon_steel,NIMS,0.32,0.63,0.1,0.0,0.06,0.21,0.0,0.08,0.0,,,,672.0,,,,,,,pretrain,nims_measured,carbon_steel
NIMS_00024,NIMS_carbon_steel,NIMS,0.35,0.77,0.01,0.0,0.01,0.21,0.0,0.02,0.0,,,,635.0,,,,,,,pretrain,nims_measured,carbon_steel
NIMS_00025,NIMS_carbon_steel,NIMS,0.35,0.74,0.1,0.0,0.01,0.3,0.0,0.01,0.0,,,,652.0,,,,,,,pretrain,nims_measured,carbon_steel
NIMS_00026,NIMS_carbon_steel,NIMS,0.34,0.74,0.02,0.0,0.01,0.26,0.0,0.01,0.0,,,,613.0,,,,,,,pretrain,nims_measured,carbon_steel
NIMS_00027,NIMS_carbon_steel,NIMS,0.36,0.7,0.12,0.0,0.08,0.26,0.0,0.09,0.0,,,,667.0,,,,,,,pretrain,nims_measured,carbon_steel
NIMS_00028,NIMS_carbon_steel,NIMS,0.33,0.75,0.03,0.0,0.01,0.21,0.0,0.02,0.0,,,,651.0,,,,,,,pretrain,nims_measured,carbon_steel
NIMS_00029,NIMS_carbon_steel,NIMS,0.38,0.7,0.09,0.0,0.06,0.29,0.0,0.11,0.0,,,,701.0,,,,,,,pretrain,nims_measured,carbon_steel
NIMS_00030,NIMS_carbon_steel,NIMS,0.33,0.76,0.1,0.0,0.01,0.26,0.0,0.03,0.0,,,,667.0,,,,,,,pretrain,nims_measured,carbon_steel
NIMS_00031,NIMS_carbon_steel,NIMS,0.32,0.73,0.02,0.0,0.02,0.26,0.0,0.03,0.0,,,,638.0,,,,,,,pretrain,nims_measured,carbon_steel
NIMS_00032,NIMS_carbon_steel,NIMS,0.37,0.78,0.11,0.0,0.01,0.27,0.0,0.02,0.0,,,,659.0,,,,,,,pretrain,nims_measured,carbon_steel
NIMS_00033,NIMS_carbon_steel,NIMS,0.35,0.82,0.01,0.0,0.03,0.25,0.0,0.01,0.0,,,,631.0,,,,,,,pretrain,nims_measured,carbon_steel
NIMS_00034,NIMS_carbon_steel,NIMS,0.37,0.72,0.02,0.0,0.02,0.24,0.0,0.02,0.0,,,,665.0,,,,,,,pretrain,nims_measured,carbon_steel
NIMS_00035,NIMS_carbon_steel,NIMS,0.32,0.63,0.1,0.0,0.06,0.21,0.0,0.08,0.0,,,,616.0,,,,,,,pretrain,nims_measured,carbon_steel
NIMS_00036,NIMS_carbon_steel,NIMS,0.45,0.79,0.13,0.0,0.02,0.25,0.0,0.02,0.0,,,,923.0,,,,,,,pretrain,nims_measured,carbon_steel
NIMS_00037,NIMS_carbon_steel,NIMS,0.45,0.76,0.11,0.0,0.01,0.26,0.0,0.02,0.0,,,,801.0,,,,,,,pretrain,nims_measured,carbon_steel
NIMS_00038,NIMS_carbon_steel,NIMS,0.45,0.71,0.06,0.0,0.12,0.24,0.0,0.13,0.0,,,,874.0,,,,,,,pretrain,nims_measured,carbon_steel
NIMS_00039,NIMS_carbon_steel,NIMS,0.44,0.82,0.02,0.0,0.03,0.24,0.0,0.02,0.0,,,,809.0,,,,,,,pretrain,nims_measured,carbon_steel
NIMS_00040,NIMS_carbon_steel,NIMS,0.42,0.78,0.02,0.0,0.01,0.22,0.0,0.03,0.0,,,,766.0,,,,,,,pretrain,nims_measured,carbon_steel
NIMS_00041,NIMS_carbon_steel,NIMS,0.48,0.75,0.1,0.0,0.02,0.25,0.0,0.01,0.0,,,,929.0,,,,,,,pretrain,nims_measured,carbon_steel
NIMS_00042,NIMS_carbon_steel,NIMS,0.47,0.72,0.04,0.0,0.13,0.25,0.0,0.04,0.0,,,,882.0,,,,,,,pretrain,nims_measured,carbon_steel
NIMS_00043,NIMS_carbon_steel,NIMS,0.43,0.83,0.12,0.0,0.01,0.22,0.0,0.01,0.0,,,,843.0,,,,,,,pretrain,nims_measured,carbon_steel
NIMS_00044,NIMS_carbon_steel,NIMS,0.49,0.8,0.09,0.0,0.02,0.26,0.0,0.01,0.0,,,,910.0,,,,,,,pretrain,nims_measured,carbon_steel
NIMS_00045,NIMS_carbon_steel,NIMS,0.45,0.79,0.04,0.0,0.12,0.25,0.0,0.15,0.0,,,,925.0,,,,,,,pretrain,nims_measured,carbon_steel
NIMS_00046,NIMS_carbon_steel,NIMS,0.42,0.7,0.1,0.0,0.01,0.26,0.0,0.01,0.0,,,,819.0,,,,,,,pretrain,nims_measured,carbon_steel
NIMS_00047,NIMS_carbon_steel,NIMS,0.45,0.79,0.13,0.0,0.02,0.25,0.0,0.02,0.0,,,,828.0,,,,,,,pretrain,nims_measured,carbon_steel
NIMS_00048,NIMS_carbon_steel,NIMS,0.45,0.76,0.11,0.0,0.01,0.26,0.0,0.02,0.0,,,,748.0,,,,,,,pretrain,nims_measured,carbon_steel
NIMS_00049,NIMS_carbon_steel,NIMS,0.45,0.71,0.06,0.0,0.12,0.24,0.0,0.13,0.0,,,,812.0,,,,,,,pretrain,nims_measured,carbon_steel
NIMS_00050,NIMS_carbon_steel,NIMS,0.44,0.82,0.02,0.0,0.03,0.24,0.0,0.02,0.0,,,,760.0,,,,,,,pretrain,nims_measured,carbon_steel
NIMS_00051,NIMS_carbon_steel,NIMS,0.42,0.78,0.02,0.0,0.01,0.22,0.0,0.03,0.0,,,,717.0,,,,,,,pretrain,nims_measured,carbon_steel
NIMS_00052,NIMS_carbon_steel,NIMS,0.48,0.75,0.1,0.0,0.02,0.25,0.0,0.01,0.0,,,,833.0,,,,,,,pretrain,nims_measured,carbon_steel
NIMS_00053,NIMS_carbon_steel,NIMS,0.47,0.72,0.04,0.0,0.13,0.25,0.0,0.04,0.0,,,,806.0,,,,,,,pretrain,nims_measured,carbon_steel
NIMS_00054,NIMS_carbon_steel,NIMS,0.43,0.83,0.12,0.0,0.01,0.22,0.0,0.01,0.0,,,,774.0,,,,,,,pretrain,nims_measured,carbon_steel
NIMS_00055,NIMS_carbon_steel,NIMS,0.49,0.8,0.09,0.0,0.02,0.26,0.0,0.01,0.0,,,,833.0,,,,,,,pretrain,nims_measured,carbon_steel
NIMS_00056,NIMS_carbon_steel,NIMS,0.45,0.79,0.04,0.0,0.12,0.25,0.0,0.15,0.0,,,,811.0,,,,,,,pretrain,nims_measured,carbon_steel
NIMS_00057,NIMS_carbon_steel,NIMS,0.42,0.7,0.1,0.0,0.01,0.26,0.0,0.01,0.0,,,,765.0,,,,,,,pretrain,nims_measured,carbon_steel
NIMS_00058,NIMS_carbon_steel,NIMS,0.45,0.79,0.13,0.0,0.02,0.25,0.0,0.02,0.0,,,,735.0,,,,,,,pretrain,nims_measured,carbon_steel
NIMS_00059,NIMS_carbon_steel,NIMS,0.45,0.76,0.11,0.0,0.01,0.26,0.0,0.02,0.0,,,,696.0,,,,,,,pretrain,nims_measured,carbon_steel
NIMS_00060,NIMS_carbon_steel,NIMS,0.45,0.71,0.06,0.0,0.12,0.24,0.0,0.13,0.0,,,,736.0,,,,,,,pretrain,nims_measured,carbon_steel
NIMS_00061,NIMS_carbon_steel,NIMS,0.44,0.82,0.02,0.0,0.03,0.24,0.0,0.02,0.0,,,,696.0,,,,,,,pretrain,nims_measured,carbon_steel
NIMS_00062,NIMS_carbon_steel,NIMS,0.42,0.78,0.02,0.0,0.01,0.22,0.0,0.03,0.0,,,,669.0,,,,,,,pretrain,nims_measured,carbon_steel
NIMS_00063,NIMS_carbon_steel,NIMS,0.48,0.75,0.1,0.0,0.02,0.25,0.0,0.01,0.0,,,,738.0,,,,,,,pretrain,nims_measured,carbon_steel
NIMS_00064,NIMS_carbon_steel,NIMS,0.47,0.72,0.04,0.0,0.13,0.25,0.0,0.04,0.0,,,,741.0,,,,,,,pretrain,nims_measured,carbon_steel
NIMS_00065,NIMS_carbon_steel,NIMS,0.43,0.83,0.12,0.0,0.01,0.22,0.0,0.01,0.0,,,,706.0,,,,,,,pretrain,nims_measured,carbon_steel
NIMS_00066,NIMS_carbon_steel,NIMS,0.49,0.8,0.09,0.0,0.02,0.26,0.0,0.01,0.0,,,,744.0,,,,,,,pretrain,nims_measured,carbon_steel
NIMS_00067,NIMS_carbon_steel,NIMS,0.45,0.79,0.04,0.0,0.12,0.25,0.0,0.15,0.0,,,,723.0,,,,,,,pretrain,nims_measured,carbon_steel
NIMS_00068,NIMS_carbon_steel,NIMS,0.42,0.7,0.1,0.0,0.01,0.26,0.0,0.01,0.0,,,,706.0,,,,,,,pretrain,nims_measured,carbon_steel
NIMS_00069,NIMS_carbon_steel,NIMS,0.55,0.76,0.09,0.0,0.01,0.23,0.0,0.01,0.0,,,,962.0,,,,,,,pretrain,nims_measured,carbon_steel
NIMS_00070,NIMS_carbon_steel,NIMS,0.54,0.76,0.12,0.0,0.02,0.26,0.0,0.01,0.0,,,,956.0,,,,,,,pretrain,nims_measured,carbon_steel
NIMS_00071,NIMS_carbon_steel,NIMS,0.52,0.83,0.04,0.0,0.04,0.29,0.0,0.02,0.0,,,,906.0,,,,,,,pretrain,nims_measured,carbon_steel
NIMS_00072,NIMS_carbon_steel,NIMS,0.56,0.37,0.13,0.0,0.04,0.26,0.0,0.11,0.0,,,,967.0,,,,,,,pretrain,nims_measured,carbon_steel
NIMS_00073,NIMS_carbon_steel,NIMS,0.54,0.75,0.01,0.0,0.01,0.2,0.0,0.01,0.0,,,,896.0,,,,,,,pretrain,nims_measured,carbon_steel
NIMS_00074,NIMS_carbon_steel,NIMS,0.57,0.74,0.12,0.0,0.01,0.23,0.0,0.02,0.0,,,,957.0,,,,,,,pretrain,nims_measured,carbon_steel
NIMS_00075,NIMS_carbon_steel,NIMS,0.53,0.83,0.12,0.0,0.02,0.3,0.0,0.01,0.0,,,,957.0,,,,,,,pretrain,nims_measured,carbon_steel
NIMS_00076,NIMS_carbon_steel,NIMS,0.57,0.82,0.1,0.0,0.02,0.3,0.0,0.01,0.0,,,,985.0,,,,,,,pretrain,nims_measured,carbon_steel
NIMS_00077,NIMS_carbon_steel,NIMS,0.56,0.68,0.1,0.0,0.03,0.25,0.0,0.03,0.0,,,,918.0,,,,,,,pretrain,nims_measured,carbon_steel
NIMS_00078,NIMS_carbon_steel,NIMS,0.52,0.8,0.1,0.0,0.02,0.21,0.0,0.02,0.0,,,,929.0,,,,,,,pretrain,nims_measured,carbon_steel
NIMS_00079,NIMS_carbon_steel,NIMS,0.54,0.7,0.1,0.0,0.06,0.27,0.0,0.22,0.0,,,,1006.0,,,,,,,pretrain,nims_measured,carbon_steel
NIMS_00080,NIMS_carbon_steel,NIMS,0.55,0.76,0.09,0.0,0.01,0.23,0.0,0.01,0.0,,,,854.0,,,,,,,pretrain,nims_measured,carbon_steel
NIMS_00081,NIMS_carbon_steel,NIMS,0.54,0.76,0.12,0.0,0.02,0.26,0.0,0.01,0.0,,,,848.0,,,,,,,pretrain,nims_measured,carbon_steel
NIMS_00082,NIMS_carbon_steel,NIMS,0.52,0.83,0.04,0.0,0.04,0.29,0.0,0.02,0.0,,,,823.0,,,,,,,pretrain,nims_measured,carbon_steel
NIMS_00083,NIMS_carbon_steel,NIMS,0.56,0.37,0.13,0.0,0.04,0.26,0.0,0.11,0.0,,,,860.0,,,,,,,pretrain,nims_measured,carbon_steel
NIMS_00084,NIMS_carbon_steel,NIMS,0.54,0.75,0.01,0.0,0.01,0.2,0.0,0.01,0.0,,,,830.0,,,,,,,pretrain,nims_measured,carbon_steel
NIMS_00085,NIMS_carbon_steel,NIMS,0.57,0.74,0.12,0.0,0.01,0.23,0.0,0.02,0.0,,,,844.0,,,,,,,pretrain,nims_measured,carbon_steel
NIMS_00086,NIMS_carbon_steel,NIMS,0.53,0.83,0.12,0.0,0.02,0.3,0.0,0.01,0.0,,,,850.0,,,,,,,pretrain,nims_measured,carbon_steel
NIMS_00087,NIMS_carbon_steel,NIMS,0.57,0.82,0.1,0.0,0.02,0.3,0.0,0.01,0.0,,,,870.0,,,,,,,pretrain,nims_measured,carbon_steel
NIMS_00088,NIMS_carbon_steel,NIMS,0.56,0.68,0.1,0.0,0.03,0.25,0.0,0.03,0.0,,,,840.0,,,,,,,pretrain,nims_measured,carbon_steel
NIMS_00089,NIMS_carbon_steel,NIMS,0.52,0.8,0.1,0.0,0.02,0.21,0.0,0.02,0.0,,,,837.0,,,,,,,pretrain,nims_measured,carbon_steel
NIMS_00090,NIMS_carbon_steel,NIMS,0.54,0.7,0.1,0.0,0.06,0.27,0.0,0.22,0.0,,,,893.0,,,,,,,pretrain,nims_measured,carbon_steel
NIMS_00091,NIMS_carbon_steel,NIMS,0.55,0.76,0.09,0.0,0.01,0.23,0.0,0.01,0.0,,,,757.0,,,,,,,pretrain,nims_measured,carbon_steel
NIMS_00092,NIMS_carbon_steel,NIMS,0.54,0.76,0.12,0.0,0.02,0.26,0.0,0.01,0.0,,,,766.0,,,,,,,pretrain,nims_measured,carbon_steel
NIMS_00093,NIMS_carbon_steel,NIMS,0.52,0.83,0.04,0.0,0.04,0.29,0.0,0.02,0.0,,,,746.0,,,,,,,pretrain,nims_measured,carbon_steel
NIMS_00094,NIMS_carbon_steel,NIMS,0.56,0.37,0.13,0.0,0.04,0.26,0.0,0.11,0.0,,,,777.0,,,,,,,pretrain,nims_measured,carbon_steel
NIMS_00095,NIMS_carbon_steel,NIMS,0.54,0.75,0.01,0.0,0.01,0.2,0.0,0.01,0.0,,,,749.0,,,,,,,pretrain,nims_measured,carbon_steel
NIMS_00096,NIMS_carbon_steel,NIMS,0.57,0.74,0.12,0.0,0.01,0.23,0.0,0.02,0.0,,,,757.0,,,,,,,pretrain,nims_measured,carbon_steel
NIMS_00097,NIMS_carbon_steel,NIMS,0.53,0.83,0.12,0.0,0.02,0.3,0.0,0.01,0.0,,,,759.0,,,,,,,pretrain,nims_measured,carbon_steel
NIMS_00098,NIMS_carbon_steel,NIMS,0.57,0.82,0.1,0.0,0.02,0.3,0.0,0.01,0.0,,,,777.0,,,,,,,pretrain,nims_measured,carbon_steel
NIMS_00099,NIMS_carbon_steel,NIMS,0.56,0.68,0.1,0.0,0.03,0.25,0.0,0.03,0.0,,,,762.0,,,,,,,pretrain,nims_measured,carbon_steel
NIMS_00100,NIMS_carbon_steel,NIMS,0.52,0.8,0.1,0.0,0.02,0.21,0.0,0.02,0.0,,,,742.0,,,,,,,pretrain,nims_measured,carbon_steel
NIMS_00101,NIMS_carbon_steel,NIMS,0.54,0.7,0.1,0.0,0.06,0.27,0.0,0.22,0.0,,,,778.0,,,,,,,pretrain,nims_measured,carbon_steel
NIMS_00102,NIMS_low_alloy_other,NIMS,0.43,0.74,1.12,0.0,0.03,0.24,0.0,0.02,0.0,,,,1052.0,,,,,,,pretrain,nims_measured,low_alloy_other
NIMS_00103,NIMS_low_alloy_other,NIMS,0.42,0.71,0.96,0.0,0.02,0.27,0.0,0.04,0.0,,,,1006.0,,,,,,,pretrain,nims_measured,low_alloy_other
NIMS_00104,NIMS_low_alloy_other,NIMS,0.4,0.78,1.1,0.0,0.07,0.31,0.0,0.13,0.0,,,,1084.0,,,,,,,pretrain,nims_measured,low_alloy_other
NIMS_00105,NIMS_low_alloy_other,NIMS,0.42,0.72,1.06,0.0,0.03,0.22,0.0,0.01,0.0,,,,1015.0,,,,,,,pretrain,nims_measured,low_alloy_other
NIMS_00106,NIMS_low_alloy_other,NIMS,0.39,0.73,0.98,0.0,0.06,0.25,0.0,0.11,0.0,,,,1073.0,,,,,,,pretrain,nims_measured,low_alloy_other
NIMS_00107,NIMS_low_alloy_other,NIMS,0.42,0.81,1.09,0.0,0.03,0.32,0.0,0.04,0.0,,,,1092.0,,,,,,,pretrain,nims_measured,low_alloy_other
NIMS_00108,NIMS_low_alloy_other,NIMS,0.42,0.78,0.94,0.0,0.04,0.26,0.0,0.05,0.0,,,,1077.0,,,,,,,pretrain,nims_measured,low_alloy_other
NIMS_00109,NIMS_low_alloy_other,NIMS,0.4,0.79,1.09,0.0,0.05,0.32,0.0,0.04,0.0,,,,1036.0,,,,,,,pretrain,nims_measured,low_alloy_other
NIMS_00110,NIMS_low_alloy_other,NIMS,0.43,0.74,1.12,0.0,0.03,0.24,0.0,0.02,0.0,,,,969.0,,,,,,,pretrain,nims_measured,low_alloy_other
NIMS_00111,NIMS_low_alloy_other,NIMS,0.42,0.71,0.96,0.0,0.02,0.27,0.0,0.04,0.0,,,,902.0,,,,,,,pretrain,nims_measured,low_alloy_other
NIMS_00112,NIMS_low_alloy_other,NIMS,0.4,0.78,1.1,0.0,0.07,0.31,0.0,0.13,0.0,,,,979.0,,,,,,,pretrain,nims_measured,low_alloy_other
NIMS_00113,NIMS_low_alloy_other,NIMS,0.42,0.72,1.06,0.0,0.03,0.22,0.0,0.01,0.0,,,,935.0,,,,,,,pretrain,nims_measured,low_alloy_other
NIMS_00114,NIMS_low_alloy_other,NIMS,0.39,0.73,0.98,0.0,0.06,0.25,0.0,0.11,0.0,,,,962.0,,,,,,,pretrain,nims_measured,low_alloy_other
NIMS_00115,NIMS_low_alloy_other,NIMS,0.42,0.81,1.09,0.0,0.03,0.32,0.0,0.04,0.0,,,,985.0,,,,,,,pretrain,nims_measured,low_alloy_other
NIMS_00116,NIMS_low_alloy_other,NIMS,0.42,0.78,0.94,0.0,0.04,0.26,0.0,0.05,0.0,,,,956.0,,,,,,,pretrain,nims_measured,low_alloy_other
NIMS_00117,NIMS_low_alloy_other,NIMS,0.4,0.79,1.09,0.0,0.05,0.32,0.0,0.04,0.0,,,,949.0,,,,,,,pretrain,nims_measured,low_alloy_other
NIMS_00118,NIMS_low_alloy_other,NIMS,0.43,0.74,1.12,0.0,0.03,0.24,0.0,0.02,0.0,,,,888.0,,,,,,,pretrain,nims_measured,low_alloy_other
NIMS_00119,NIMS_low_alloy_other,NIMS,0.42,0.71,0.96,0.0,0.02,0.27,0.0,0.04,0.0,,,,862.0,,,,,,,pretrain,nims_measured,low_alloy_other
NIMS_00120,NIMS_low_alloy_other,NIMS,0.4,0.78,1.1,0.0,0.07,0.31,0.0,0.13,0.0,,,,869.0,,,,,,,pretrain,nims_measured,low_alloy_other
NIMS_00121,NIMS_low_alloy_other,NIMS,0.42,0.72,1.06,0.0,0.03,0.22,0.0,0.01,0.0,,,,857.0,,,,,,,pretrain,nims_measured,low_alloy_other
NIMS_00122,NIMS_low_alloy_other,NIMS,0.39,0.73,0.98,0.0,0.06,0.25,0.0,0.11,0.0,,,,878.0,,,,,,,pretrain,nims_measured,low_alloy_other
NIMS_00123,NIMS_low_alloy_other,NIMS,0.42,0.81,1.09,0.0,0.03,0.32,0.0,0.04,0.0,,,,897.0,,,,,,,pretrain,nims_measured,low_alloy_other
NIMS_00124,NIMS_low_alloy_other,NIMS,0.42,0.78,0.94,0.0,0.04,0.26,0.0,0.05,0.0,,,,861.0,,,,,,,pretrain,nims_measured,low_alloy_other
NIMS_00125,NIMS_low_alloy_other,NIMS,0.4,0.79,1.09,0.0,0.05,0.32,0.0,0.04,0.0,,,,880.0,,,,,,,pretrain,nims_measured,low_alloy_other
NIMS_00126,NIMS_CrMo_QT,NIMS,0.36,0.73,1.01,0.16,0.05,0.3,0.0,0.19,0.0,,,,1118.0,,,,,,,pretrain,nims_measured,CrMo_QT
NIMS_00127,NIMS_low_alloy_other,NIMS,0.35,0.7,1.03,0.15,0.02,0.3,0.0,0.01,0.0,,,,1048.0,,,,,,,pretrain,nims_measured,low_alloy_other
NIMS_00128,NIMS_CrMo_QT,NIMS,0.36,0.79,1.03,0.17,0.03,0.27,0.0,0.04,0.0,,,,1092.0,,,,,,,pretrain,nims_measured,CrMo_QT
NIMS_00129,NIMS_CrMo_QT,NIMS,0.36,0.81,0.99,0.16,0.05,0.23,0.0,0.08,0.0,,,,1053.0,,,,,,,pretrain,nims_measured,CrMo_QT
NIMS_00130,NIMS_CrMo_QT,NIMS,0.34,0.72,1.01,0.17,0.12,0.25,0.0,0.1,0.0,,,,1080.0,,,,,,,pretrain,nims_measured,CrMo_QT
NIMS_00131,NIMS_low_alloy_other,NIMS,0.36,0.74,0.97,0.15,0.05,0.35,0.0,0.12,0.0,,,,1099.0,,,,,,,pretrain,nims_measured,low_alloy_other
NIMS_00132,NIMS_CrMo_QT,NIMS,0.37,0.82,1.09,0.16,0.04,0.23,0.0,0.05,0.0,,,,1075.0,,,,,,,pretrain,nims_measured,CrMo_QT
NIMS_00133,NIMS_CrMo_QT,NIMS,0.35,0.8,0.99,0.19,0.08,0.25,0.0,0.18,0.0,,,,1088.0,,,,,,,pretrain,nims_measured,CrMo_QT
NIMS_00134,NIMS_CrMo_QT,NIMS,0.35,0.71,1.06,0.17,0.02,0.25,0.0,0.02,0.0,,,,1111.0,,,,,,,pretrain,nims_measured,CrMo_QT
NIMS_00135,NIMS_CrMo_QT,NIMS,0.33,0.69,0.99,0.18,0.04,0.27,0.0,0.05,0.0,,,,1085.0,,,,,,,pretrain,nims_measured,CrMo_QT
NIMS_00136,NIMS_CrMo_QT,NIMS,0.35,0.7,1.0,0.16,0.01,0.25,0.0,0.02,0.0,,,,1102.0,,,,,,,pretrain,nims_measured,CrMo_QT
NIMS_00137,NIMS_CrMo_QT,NIMS,0.37,0.76,1.01,0.16,0.12,0.29,0.0,0.12,0.0,,,,1102.0,,,,,,,pretrain,nims_measured,CrMo_QT
NIMS_00138,NIMS_CrMo_QT,NIMS,0.38,0.8,1.07,0.16,0.07,0.27,0.0,0.12,0.0,,,,1206.0,,,,,,,pretrain,nims_measured,CrMo_QT
NIMS_00139,NIMS_CrMo_QT,NIMS,0.34,0.71,1.05,0.16,0.11,0.29,0.0,0.12,0.0,,,,1082.0,,,,,,,pretrain,nims_measured,CrMo_QT
NIMS_00140,NIMS_CrMo_QT,NIMS,0.36,0.73,1.01,0.16,0.05,0.3,0.0,0.19,0.0,,,,984.0,,,,,,,pretrain,nims_measured,CrMo_QT
NIMS_00141,NIMS_low_alloy_other,NIMS,0.35,0.7,1.03,0.15,0.02,0.3,0.0,0.01,0.0,,,,955.0,,,,,,,pretrain,nims_measured,low_alloy_other
NIMS_00142,NIMS_CrMo_QT,NIMS,0.36,0.79,1.03,0.17,0.03,0.27,0.0,0.04,0.0,,,,964.0,,,,,,,pretrain,nims_measured,CrMo_QT
NIMS_00143,NIMS_CrMo_QT,NIMS,0.36,0.81,0.99,0.16,0.05,0.23,0.0,0.08,0.0,,,,937.0,,,,,,,pretrain,nims_measured,CrMo_QT
NIMS_00144,NIMS_CrMo_QT,NIMS,0.34,0.72,1.01,0.17,0.12,0.25,0.0,0.1,0.0,,,,978.0,,,,,,,pretrain,nims_measured,CrMo_QT
NIMS_00145,NIMS_low_alloy_other,NIMS,0.36,0.74,0.97,0.15,0.05,0.35,0.0,0.12,0.0,,,,1008.0,,,,,,,pretrain,nims_measured,low_alloy_other
NIMS_00146,NIMS_CrMo_QT,NIMS,0.37,0.82,1.09,0.16,0.04,0.23,0.0,0.05,0.0,,,,956.0,,,,,,,pretrain,nims_measured,CrMo_QT
NIMS_00147,NIMS_CrMo_QT,NIMS,0.35,0.8,0.99,0.19,0.08,0.25,0.0,0.18,0.0,,,,952.0,,,,,,,pretrain,nims_measured,CrMo_QT
NIMS_00148,NIMS_CrMo_QT,NIMS,0.35,0.71,1.06,0.17,0.02,0.25,0.0,0.02,0.0,,,,989.0,,,,,,,pretrain,nims_measured,CrMo_QT
NIMS_00149,NIMS_CrMo_QT,NIMS,0.33,0.69,0.99,0.18,0.04,0.27,0.0,0.05,0.0,,,,973.0,,,,,,,pretrain,nims_measured,CrMo_QT
NIMS_00150,NIMS_CrMo_QT,NIMS,0.35,0.7,1.0,0.16,0.01,0.25,0.0,0.02,0.0,,,,1010.0,,,,,,,pretrain,nims_measured,CrMo_QT
NIMS_00151,NIMS_CrMo_QT,NIMS,0.37,0.76,1.01,0.16,0.12,0.29,0.0,0.12,0.0,,,,996.0,,,,,,,pretrain,nims_measured,CrMo_QT
NIMS_00152,NIMS_CrMo_QT,NIMS,0.38,0.8,1.07,0.16,0.07,0.27,0.0,0.12,0.0,,,,1067.0,,,,,,,pretrain,nims_measured,CrMo_QT
NIMS_00153,NIMS_CrMo_QT,NIMS,0.34,0.71,1.05,0.16,0.11,0.29,0.0,0.12,0.0,,,,974.0,,,,,,,pretrain,nims_measured,CrMo_QT
NIMS_00154,NIMS_CrMo_QT,NIMS,0.36,0.73,1.01,0.16,0.05,0.3,0.0,0.19,0.0,,,,897.0,,,,,,,pretrain,nims_measured,CrMo_QT
NIMS_00155,NIMS_low_alloy_other,NIMS,0.35,0.7,1.03,0.15,0.02,0.3,0.0,0.01,0.0,,,,846.0,,,,,,,pretrain,nims_measured,low_alloy_other
NIMS_00156,NIMS_CrMo_QT,NIMS,0.36,0.79,1.03,0.17,0.03,0.27,0.0,0.04,0.0,,,,853.0,,,,,,,pretrain,nims_measured,CrMo_QT
NIMS_00157,NIMS_CrMo_QT,NIMS,0.36,0.81,0.99,0.16,0.05,0.23,0.0,0.08,0.0,,,,847.0,,,,,,,pretrain,nims_measured,CrMo_QT
NIMS_00158,NIMS_CrMo_QT,NIMS,0.34,0.72,1.01,0.17,0.12,0.25,0.0,0.1,0.0,,,,867.0,,,,,,,pretrain,nims_measured,CrMo_QT
NIMS_00159,NIMS_low_alloy_other,NIMS,0.36,0.74,0.97,0.15,0.05,0.35,0.0,0.12,0.0,,,,907.0,,,,,,,pretrain,nims_measured,low_alloy_other
NIMS_00160,NIMS_CrMo_QT,NIMS,0.37,0.82,1.09,0.16,0.04,0.23,0.0,0.05,0.0,,,,875.0,,,,,,,pretrain,nims_measured,CrMo_QT
NIMS_00161,NIMS_CrMo_QT,NIMS,0.35,0.8,0.99,0.19,0.08,0.25,0.0,0.18,0.0,,,,870.0,,,,,,,pretrain,nims_measured,CrMo_QT
NIMS_00162,NIMS_CrMo_QT,NIMS,0.35,0.71,1.06,0.17,0.02,0.25,0.0,0.02,0.0,,,,898.0,,,,,,,pretrain,nims_measured,CrMo_QT
NIMS_00163,NIMS_CrMo_QT,NIMS,0.33,0.69,0.99,0.18,0.04,0.27,0.0,0.05,0.0,,,,864.0,,,,,,,pretrain,nims_measured,CrMo_QT
NIMS_00164,NIMS_CrMo_QT,NIMS,0.35,0.7,1.0,0.16,0.01,0.25,0.0,0.02,0.0,,,,919.0,,,,,,,pretrain,nims_measured,CrMo_QT
NIMS_00165,NIMS_CrMo_QT,NIMS,0.37,0.76,1.01,0.16,0.12,0.29,0.0,0.12,0.0,,,,903.0,,,,,,,pretrain,nims_measured,CrMo_QT
NIMS_00166,NIMS_CrMo_QT,NIMS,0.38,0.8,1.07,0.16,0.07,0.27,0.0,0.12,0.0,,,,948.0,,,,,,,pretrain,nims_measured,CrMo_QT
NIMS_00167,NIMS_CrMo_QT,NIMS,0.34,0.71,1.05,0.16,0.11,0.29,0.0,0.12,0.0,,,,891.0,,,,,,,pretrain,nims_measured,CrMo_QT
NIMS_00168,NIMS_CrMo_QT,NIMS,0.41,0.77,1.06,0.2,0.04,0.24,0.0,0.05,0.0,,,,1139.0,,,,,,,pretrain,nims_measured,CrMo_QT
NIMS_00169,NIMS_CrMo_QT,NIMS,0.39,0.86,0.96,0.17,0.1,0.27,0.0,0.12,0.0,,,,1141.0,,,,,,,pretrain,nims_measured,CrMo_QT
NIMS_00170,NIMS_CrMo_QT,NIMS,0.43,0.74,1.07,0.22,0.02,0.26,0.0,0.02,0.0,,,,1203.0,,,,,,,pretrain,nims_measured,CrMo_QT
NIMS_00171,NIMS_CrMo_QT,NIMS,0.4,0.77,0.98,0.17,0.05,0.26,0.0,0.13,0.0,,,,1160.0,,,,,,,pretrain,nims_measured,CrMo_QT
NIMS_00172,NIMS_CrMo_QT,NIMS,0.41,0.8,1.02,0.18,0.03,0.24,0.0,0.1,0.0,,,,1199.0,,,,,,,pretrain,nims_measured,CrMo_QT
NIMS_00173,NIMS_CrMo_QT,NIMS,0.41,0.74,0.99,0.16,0.05,0.25,0.0,0.08,0.0,,,,1150.0,,,,,,,pretrain,nims_measured,CrMo_QT
NIMS_00174,NIMS_CrMo_QT,NIMS,0.39,0.77,1.08,0.19,0.09,0.28,0.0,0.15,0.0,,,,1202.0,,,,,,,pretrain,nims_measured,CrMo_QT
NIMS_00175,NIMS_CrMo_QT,NIMS,0.37,0.69,1.0,0.19,0.02,0.24,0.0,0.02,0.0,,,,1108.0,,,,,,,pretrain,nims_measured,CrMo_QT
NIMS_00176,NIMS_low_alloy_other,NIMS,0.42,0.77,1.1,0.15,0.12,0.29,0.0,0.09,0.0,,,,1181.0,,,,,,,pretrain,nims_measured,low_alloy_other
NIMS_00177,NIMS_CrMo_QT,NIMS,0.42,0.75,1.04,0.17,0.07,0.28,0.0,0.12,0.0,,,,1179.0,,,,,,,pretrain,nims_measured,CrMo_QT
NIMS_00178,NIMS_CrMo_QT,NIMS,0.4,0.74,1.01,0.17,0.13,0.26,0.0,0.15,0.0,,,,1109.0,,,,,,,pretrain,nims_measured,CrMo_QT
NIMS_00179,NIMS_CrMo_QT,NIMS,0.4,0.87,1.06,0.18,0.07,0.25,0.0,0.11,0.0,,,,1146.0,,,,,,,pretrain,nims_measured,CrMo_QT
NIMS_00180,NIMS_CrMo_QT,NIMS,0.4,0.7,0.94,0.17,0.04,0.22,0.0,0.12,0.0,,,,1155.0,,,,,,,pretrain,nims_measured,CrMo_QT
NIMS_00181,NIMS_CrMo_QT,NIMS,0.4,0.74,0.96,0.18,0.24,0.25,0.0,0.1,0.0,,,,1202.0,,,,,,,pretrain,nims_measured,CrMo_QT
NIMS_00182,NIMS_CrMo_QT,NIMS,0.44,0.75,1.05,0.21,0.02,0.26,0.0,0.02,0.0,,,,1178.0,,,,,,,pretrain,nims_measured,CrMo_QT
NIMS_00183,NIMS_CrMo_QT,NIMS,0.41,0.77,1.06,0.2,0.04,0.24,0.0,0.05,0.0,,,,1030.0,,,,,,,pretrain,nims_measured,CrMo_QT
NIMS_00184,NIMS_CrMo_QT,NIMS,0.39,0.86,0.96,0.17,0.1,0.27,0.0,0.12,0.0,,,,1027.0,,,,,,,pretrain,nims_measured,CrMo_QT
NIMS_00185,NIMS_CrMo_QT,NIMS,0.43,0.74,1.07,0.22,0.02,0.26,0.0,0.02,0.0,,,,1079.0,,,,,,,pretrain,nims_measured,CrMo_QT
NIMS_00186,NIMS_CrMo_QT,NIMS,0.4,0.77,0.98,0.17,0.05,0.26,0.0,0.13,0.0,,,,1062.0,,,,,,,pretrain,nims_measured,CrMo_QT
NIMS_00187,NIMS_CrMo_QT,NIMS,0.41,0.8,1.02,0.18,0.03,0.24,0.0,0.1,0.0,,,,1091.0,,,,,,,pretrain,nims_measured,CrMo_QT
NIMS_00188,NIMS_CrMo_QT,NIMS,0.41,0.74,0.99,0.16,0.05,0.25,0.0,0.08,0.0,,,,1002.0,,,,,,,pretrain,nims_measured,CrMo_QT
NIMS_00189,NIMS_CrMo_QT,NIMS,0.39,0.77,1.08,0.19,0.09,0.28,0.0,0.15,0.0,,,,1066.0,,,,,,,pretrain,nims_measured,CrMo_QT
NIMS_00190,NIMS_CrMo_QT,NIMS,0.37,0.69,1.0,0.19,0.02,0.24,0.0,0.02,0.0,,,,995.0,,,,,,,pretrain,nims_measured,CrMo_QT
NIMS_00191,NIMS_low_alloy_other,NIMS,0.42,0.77,1.1,0.15,0.12,0.29,0.0,0.09,0.0,,,,1064.0,,,,,,,pretrain,nims_measured,low_alloy_other
NIMS_00192,NIMS_CrMo_QT,NIMS,0.42,0.75,1.04,0.17,0.07,0.28,0.0,0.12,0.0,,,,1072.0,,,,,,,pretrain,nims_measured,CrMo_QT
NIMS_00193,NIMS_CrMo_QT,NIMS,0.4,0.74,1.01,0.17,0.13,0.26,0.0,0.15,0.0,,,,1005.0,,,,,,,pretrain,nims_measured,CrMo_QT
NIMS_00194,NIMS_CrMo_QT,NIMS,0.4,0.87,1.06,0.18,0.07,0.25,0.0,0.11,0.0,,,,1013.0,,,,,,,pretrain,nims_measured,CrMo_QT
NIMS_00195,NIMS_CrMo_QT,NIMS,0.4,0.7,0.94,0.17,0.04,0.22,0.0,0.12,0.0,,,,1049.0,,,,,,,pretrain,nims_measured,CrMo_QT
NIMS_00196,NIMS_CrMo_QT,NIMS,0.4,0.74,0.96,0.18,0.24,0.25,0.0,0.1,0.0,,,,1091.0,,,,,,,pretrain,nims_measured,CrMo_QT
NIMS_00197,NIMS_CrMo_QT,NIMS,0.44,0.75,1.05,0.21,0.02,0.26,0.0,0.02,0.0,,,,1063.0,,,,,,,pretrain,nims_measured,CrMo_QT
NIMS_00198,NIMS_CrMo_QT,NIMS,0.41,0.77,1.06,0.2,0.04,0.24,0.0,0.05,0.0,,,,890.0,,,,,,,pretrain,nims_measured,CrMo_QT
NIMS_00199,NIMS_CrMo_QT,NIMS,0.39,0.86,0.96,0.17,0.1,0.27,0.0,0.12,0.0,,,,912.0,,,,,,,pretrain,nims_measured,CrMo_QT
NIMS_00200,NIMS_CrMo_QT,NIMS,0.43,0.74,1.07,0.22,0.02,0.26,0.0,0.02,0.0,,,,971.0,,,,,,,pretrain,nims_measured,CrMo_QT
NIMS_00201,NIMS_CrMo_QT,NIMS,0.4,0.77,0.98,0.17,0.05,0.26,0.0,0.13,0.0,,,,905.0,,,,,,,pretrain,nims_measured,CrMo_QT
NIMS_00202,NIMS_CrMo_QT,NIMS,0.41,0.8,1.02,0.18,0.03,0.24,0.0,0.1,0.0,,,,950.0,,,,,,,pretrain,nims_measured,CrMo_QT
NIMS_00203,NIMS_CrMo_QT,NIMS,0.41,0.74,0.99,0.16,0.05,0.25,0.0,0.08,0.0,,,,922.0,,,,,,,pretrain,nims_measured,CrMo_QT
NIMS_00204,NIMS_CrMo_QT,NIMS,0.39,0.77,1.08,0.19,0.09,0.28,0.0,0.15,0.0,,,,924.0,,,,,,,pretrain,nims_measured,CrMo_QT
NIMS_00205,NIMS_CrMo_QT,NIMS,0.37,0.69,1.0,0.19,0.02,0.24,0.0,0.02,0.0,,,,895.0,,,,,,,pretrain,nims_measured,CrMo_QT
NIMS_00206,NIMS_low_alloy_other,NIMS,0.42,0.77,1.1,0.15,0.12,0.29,0.0,0.09,0.0,,,,938.0,,,,,,,pretrain,nims_measured,low_alloy_other
NIMS_00207,NIMS_CrMo_QT,NIMS,0.42,0.75,1.04,0.17,0.07,0.28,0.0,0.12,0.0,,,,905.0,,,,,,,pretrain,nims_measured,CrMo_QT
NIMS_00208,NIMS_CrMo_QT,NIMS,0.4,0.74,1.01,0.17,0.13,0.26,0.0,0.15,0.0,,,,903.0,,,,,,,pretrain,nims_measured,CrMo_QT
NIMS_00209,NIMS_CrMo_QT,NIMS,0.4,0.87,1.06,0.18,0.07,0.25,0.0,0.11,0.0,,,,941.0,,,,,,,pretrain,nims_measured,CrMo_QT
NIMS_00210,NIMS_CrMo_QT,NIMS,0.4,0.7,0.94,0.17,0.04,0.22,0.0,0.12,0.0,,,,933.0,,,,,,,pretrain,nims_measured,CrMo_QT
NIMS_00211,NIMS_CrMo_QT,NIMS,0.4,0.74,0.96,0.18,0.24,0.25,0.0,0.1,0.0,,,,948.0,,,,,,,pretrain,nims_measured,CrMo_QT
NIMS_00212,NIMS_CrMo_QT,NIMS,0.44,0.75,1.05,0.21,0.02,0.26,0.0,0.02,0.0,,,,949.0,,,,,,,pretrain,nims_measured,CrMo_QT
NIMS_00213,NIMS_carbon_steel,NIMS,0.39,1.57,0.13,0.0,0.05,0.22,0.0,0.06,0.0,,,,889.0,,,,,,,pretrain,nims_measured,carbon_steel
NIMS_00214,NIMS_carbon_steel,NIMS,0.38,1.52,0.13,0.0,0.03,0.27,0.0,0.07,0.0,,,,847.0,,,,,,,pretrain,nims_measured,carbon_steel
NIMS_00215,NIMS_carbon_steel,NIMS,0.4,1.34,0.13,0.0,0.02,0.25,0.0,0.02,0.0,,,,924.0,,,,,,,pretrain,nims_measured,carbon_steel
NIMS_00216,NIMS_carbon_steel,NIMS,0.4,1.56,0.09,0.0,0.06,0.22,0.0,0.05,0.0,,,,854.0,,,,,,,pretrain,nims_measured,carbon_steel
NIMS_00217,NIMS_carbon_steel,NIMS,0.41,1.51,0.22,0.0,0.04,0.24,0.0,0.08,0.0,,,,890.0,,,,,,,pretrain,nims_measured,carbon_steel
NIMS_00218,NIMS_carbon_steel,NIMS,0.38,1.59,0.2,0.0,0.03,0.21,0.0,0.05,0.0,,,,804.0,,,,,,,pretrain,nims_measured,carbon_steel
NIMS_00219,NIMS_carbon_steel,NIMS,0.4,1.38,0.03,0.0,0.02,0.25,0.0,0.02,0.0,,,,892.0,,,,,,,pretrain,nims_measured,carbon_steel
NIMS_00220,NIMS_carbon_steel,NIMS,0.39,1.57,0.13,0.0,0.05,0.22,0.0,0.06,0.0,,,,811.0,,,,,,,pretrain,nims_measured,carbon_steel
NIMS_00221,NIMS_carbon_steel,NIMS,0.38,1.52,0.13,0.0,0.03,0.27,0.0,0.07,0.0,,,,790.0,,,,,,,pretrain,nims_measured,carbon_steel
NIMS_00222,NIMS_carbon_steel,NIMS,0.4,1.34,0.13,0.0,0.02,0.25,0.0,0.02,0.0,,,,844.0,,,,,,,pretrain,nims_measured,carbon_steel
NIMS_00223,NIMS_carbon_steel,NIMS,0.4,1.56,0.09,0.0,0.06,0.22,0.0,0.05,0.0,,,,799.0,,,,,,,pretrain,nims_measured,carbon_steel
NIMS_00224,NIMS_carbon_steel,NIMS,0.41,1.51,0.22,0.0,0.04,0.24,0.0,0.08,0.0,,,,815.0,,,,,,,pretrain,nims_measured,carbon_steel
NIMS_00225,NIMS_carbon_steel,NIMS,0.38,1.59,0.2,0.0,0.03,0.21,0.0,0.05,0.0,,,,753.0,,,,,,,pretrain,nims_measured,carbon_steel
NIMS_00226,NIMS_carbon_steel,NIMS,0.4,1.38,0.03,0.0,0.02,0.25,0.0,0.02,0.0,,,,814.0,,,,,,,pretrain,nims_measured,carbon_steel
NIMS_00227,NIMS_carbon_steel,NIMS,0.39,1.57,0.13,0.0,0.05,0.22,0.0,0.06,0.0,,,,742.0,,,,,,,pretrain,nims_measured,carbon_steel
NIMS_00228,NIMS_carbon_steel,NIMS,0.38,1.52,0.13,0.0,0.03,0.27,0.0,0.07,0.0,,,,734.0,,,,,,,pretrain,nims_measured,carbon_steel
NIMS_00229,NIMS_carbon_steel,NIMS,0.4,1.34,0.13,0.0,0.02,0.25,0.0,0.02,0.0,,,,758.0,,,,,,,pretrain,nims_measured,carbon_steel
NIMS_00230,NIMS_carbon_steel,NIMS,0.4,1.56,0.09,0.0,0.06,0.22,0.0,0.05,0.0,,,,715.0,,,,,,,pretrain,nims_measured,carbon_steel
NIMS_00231,NIMS_carbon_steel,NIMS,0.41,1.51,0.22,0.0,0.04,0.24,0.0,0.08,0.0,,,,756.0,,,,,,,pretrain,nims_measured,carbon_steel
NIMS_00232,NIMS_carbon_steel,NIMS,0.38,1.59,0.2,0.0,0.03,0.21,0.0,0.05,0.0,,,,700.0,,,,,,,pretrain,nims_measured,carbon_steel
NIMS_00233,NIMS_carbon_steel,NIMS,0.4,1.38,0.03,0.0,0.02,0.25,0.0,0.02,0.0,,,,737.0,,,,,,,pretrain,nims_measured,carbon_steel
NIMS_00234,NIMS_carbon_steel,NIMS,0.42,1.5,0.15,0.0,0.04,0.23,0.0,0.05,0.0,,,,936.0,,,,,,,pretrain,nims_measured,carbon_steel
NIMS_00235,NIMS_carbon_steel,NIMS,0.43,1.38,0.26,0.0,0.08,0.34,0.0,0.1,0.0,,,,1006.0,,,,,,,pretrain,nims_measured,carbon_steel
NIMS_00236,NIMS_carbon_steel,NIMS,0.42,1.6,0.12,0.0,0.03,0.21,0.0,0.07,0.0,,,,900.0,,,,,,,pretrain,nims_measured,carbon_steel
NIMS_00237,NIMS_carbon_steel,NIMS,0.42,1.58,0.17,0.0,0.06,0.24,0.0,0.07,0.0,,,,922.0,,,,,,,pretrain,nims_measured,carbon_steel
NIMS_00238,NIMS_carbon_steel,NIMS,0.42,1.51,0.12,0.0,0.02,0.21,0.0,0.01,0.0,,,,988.0,,,,,,,pretrain,nims_measured,carbon_steel
NIMS_00239,NIMS_carbon_steel,NIMS,0.45,1.58,0.1,0.0,0.06,0.33,0.0,0.08,0.0,,,,955.0,,,,,,,pretrain,nims_measured,carbon_steel
NIMS_00240,NIMS_carbon_steel,NIMS,0.41,1.36,0.27,0.0,0.07,0.34,0.0,0.1,0.0,,,,980.0,,,,,,,pretrain,nims_measured,carbon_steel
NIMS_00241,NIMS_carbon_steel,NIMS,0.4,1.47,0.04,0.0,0.02,0.25,0.0,0.01,0.0,,,,951.0,,,,,,,pretrain,nims_measured,carbon_steel
NIMS_00242,NIMS_carbon_steel,NIMS,0.41,1.48,0.08,0.0,0.03,0.22,0.0,0.06,0.0,,,,882.0,,,,,,,pretrain,nims_measured,carbon_steel
NIMS_00243,NIMS_carbon_steel,NIMS,0.46,1.49,0.26,0.0,0.1,0.3,0.0,0.1,0.0,,,,1029.0,,,,,,,pretrain,nims_measured,carbon_steel
NIMS_00244,NIMS_carbon_steel,NIMS,0.43,1.46,0.19,0.0,0.02,0.26,0.0,0.02,0.0,,,,964.0,,,,,,,pretrain,nims_measured,carbon_steel
NIMS_00245,NIMS_carbon_steel,NIMS,0.41,1.58,0.13,0.0,0.04,0.22,0.0,0.05,0.0,,,,888.0,,,,,,,pretrain,nims_measured,carbon_steel
NIMS_00246,NIMS_carbon_steel,NIMS,0.42,1.5,0.15,0.0,0.04,0.23,0.0,0.05,0.0,,,,837.0,,,,,,,pretrain,nims_measured,carbon_steel
NIMS_00247,NIMS_carbon_steel,NIMS,0.43,1.38,0.26,0.0,0.08,0.34,0.0,0.1,0.0,,,,917.0,,,,,,,pretrain,nims_measured,carbon_steel
NIMS_00248,NIMS_carbon_steel,NIMS,0.42,1.6,0.12,0.0,0.03,0.21,0.0,0.07,0.0,,,,837.0,,,,,,,pretrain,nims_measured,carbon_steel
NIMS_00249,NIMS_carbon_steel,NIMS,0.42,1.58,0.17,0.0,0.06,0.24,0.0,0.07,0.0,,,,842.0,,,,,,,pretrain,nims_measured,carbon_steel
NIMS_00250,NIMS_carbon_steel,NIMS,0.42,1.51,0.12,0.0,0.02,0.21,0.0,0.01,0.0,,,,890.0,,,,,,,pretrain,nims_measured,carbon_steel
NIMS_00251,NIMS_carbon_steel,NIMS,0.45,1.58,0.1,0.0,0.06,0.33,0.0,0.08,0.0,,,,874.0,,,,,,,pretrain,nims_measured,carbon_steel
NIMS_00252,NIMS_carbon_steel,NIMS,0.41,1.36,0.27,0.0,0.07,0.34,0.0,0.1,0.0,,,,897.0,,,,,,,pretrain,nims_measured,carbon_steel
NIMS_00253,NIMS_carbon_steel,NIMS,0.4,1.47,0.04,0.0,0.02,0.25,0.0,0.01,0.0,,,,862.0,,,,,,,pretrain,nims_measured,carbon_steel
NIMS_00254,NIMS_carbon_steel,NIMS,0.41,1.48,0.08,0.0,0.03,0.22,0.0,0.06,0.0,,,,801.0,,,,,,,pretrain,nims_measured,carbon_steel
NIMS_00255,NIMS_carbon_steel,NIMS,0.46,1.49,0.26,0.0,0.1,0.3,0.0,0.1,0.0,,,,935.0,,,,,,,pretrain,nims_measured,carbon_steel
NIMS_00256,NIMS_carbon_steel,NIMS,0.43,1.46,0.19,0.0,0.02,0.26,0.0,0.02,0.0,,,,878.0,,,,,,,pretrain,nims_measured,carbon_steel
NIMS_00257,NIMS_carbon_steel,NIMS,0.41,1.58,0.13,0.0,0.04,0.22,0.0,0.05,0.0,,,,816.0,,,,,,,pretrain,nims_measured,carbon_steel
NIMS_00258,NIMS_carbon_steel,NIMS,0.42,1.5,0.15,0.0,0.04,0.23,0.0,0.05,0.0,,,,757.0,,,,,,,pretrain,nims_measured,carbon_steel
NIMS_00259,NIMS_carbon_steel,NIMS,0.43,1.38,0.26,0.0,0.08,0.34,0.0,0.1,0.0,,,,826.0,,,,,,,pretrain,nims_measured,carbon_steel
NIMS_00260,NIMS_carbon_steel,NIMS,0.42,1.6,0.12,0.0,0.03,0.21,0.0,0.07,0.0,,,,755.0,,,,,,,pretrain,nims_measured,carbon_steel
NIMS_00261,NIMS_carbon_steel,NIMS,0.42,1.58,0.17,0.0,0.06,0.24,0.0,0.07,0.0,,,,760.0,,,,,,,pretrain,nims_measured,carbon_steel
NIMS_00262,NIMS_carbon_steel,NIMS,0.42,1.51,0.12,0.0,0.02,0.21,0.0,0.01,0.0,,,,790.0,,,,,,,pretrain,nims_measured,carbon_steel
NIMS_00263,NIMS_carbon_steel,NIMS,0.45,1.58,0.1,0.0,0.06,0.33,0.0,0.08,0.0,,,,805.0,,,,,,,pretrain,nims_measured,carbon_steel
NIMS_00264,NIMS_carbon_steel,NIMS,0.41,1.36,0.27,0.0,0.07,0.34,0.0,0.1,0.0,,,,829.0,,,,,,,pretrain,nims_measured,carbon_steel
NIMS_00265,NIMS_carbon_steel,NIMS,0.4,1.47,0.04,0.0,0.02,0.25,0.0,0.01,0.0,,,,772.0,,,,,,,pretrain,nims_measured,carbon_steel
NIMS_00266,NIMS_carbon_steel,NIMS,0.41,1.48,0.08,0.0,0.03,0.22,0.0,0.06,0.0,,,,737.0,,,,,,,pretrain,nims_measured,carbon_steel
NIMS_00267,NIMS_carbon_steel,NIMS,0.46,1.49,0.26,0.0,0.1,0.3,0.0,0.1,0.0,,,,840.0,,,,,,,pretrain,nims_measured,carbon_steel
NIMS_00268,NIMS_carbon_steel,NIMS,0.43,1.46,0.19,0.0,0.02,0.26,0.0,0.02,0.0,,,,794.0,,,,,,,pretrain,nims_measured,carbon_steel
NIMS_00269,NIMS_carbon_steel,NIMS,0.41,1.58,0.13,0.0,0.04,0.22,0.0,0.05,0.0,,,,744.0,,,,,,,pretrain,nims_measured,carbon_steel
NIMS_00270,NIMS_low_alloy_other,NIMS,0.32,0.49,0.82,0.0,2.66,0.3,0.0,0.09,0.0,,,,988.0,,,,,,,pretrain,nims_measured,low_alloy_other
NIMS_00271,NIMS_low_alloy_other,NIMS,0.32,0.58,0.71,0.0,2.65,0.24,0.0,0.06,0.0,,,,948.0,,,,,,,pretrain,nims_measured,low_alloy_other
NIMS_00272,NIMS_low_alloy_other,NIMS,0.32,0.54,0.75,0.0,2.64,0.29,0.0,0.05,0.0,,,,1013.0,,,,,,,pretrain,nims_measured,low_alloy_other
NIMS_00273,NIMS_low_alloy_other,NIMS,0.35,0.54,0.89,0.0,2.78,0.26,0.0,0.05,0.0,,,,1081.0,,,,,,,pretrain,nims_measured,low_alloy_other
NIMS_00274,NIMS_low_alloy_other,NIMS,0.31,0.56,0.71,0.0,2.63,0.22,0.0,0.1,0.0,,,,962.0,,,,,,,pretrain,nims_measured,low_alloy_other
NIMS_00275,NIMS_low_alloy_other,NIMS,0.33,0.49,0.82,0.0,2.66,0.3,0.0,0.06,0.0,,,,1014.0,,,,,,,pretrain,nims_measured,low_alloy_other
NIMS_00276,NIMS_low_alloy_other,NIMS,0.28,0.53,0.87,0.0,2.67,0.27,0.0,0.05,0.0,,,,1022.0,,,,,,,pretrain,nims_measured,low_alloy_other
NIMS_00277,NIMS_low_alloy_other,NIMS,0.34,0.65,0.84,0.0,2.63,0.26,0.0,0.05,0.0,,,,998.0,,,,,,,pretrain,nims_measured,low_alloy_other
NIMS_00278,NIMS_low_alloy_other,NIMS,0.3,0.53,0.81,0.0,2.7,0.27,0.0,0.07,0.0,,,,989.0,,,,,,,pretrain,nims_measured,low_alloy_other
NIMS_00279,NIMS_low_alloy_other,NIMS,0.32,0.52,0.77,0.0,2.67,0.3,0.0,0.06,0.0,,,,1010.0,,,,,,,pretrain,nims_measured,low_alloy_other
NIMS_00280,NIMS_low_alloy_other,NIMS,0.32,0.49,0.82,0.0,2.66,0.3,0.0,0.09,0.0,,,,906.0,,,,,,,pretrain,nims_measured,low_alloy_other
NIMS_00281,NIMS_low_alloy_other,NIMS,0.32,0.58,0.71,0.0,2.65,0.24,0.0,0.06,0.0,,,,886.0,,,,,,,pretrain,nims_measured,low_alloy_other
NIMS_00282,NIMS_low_alloy_other,NIMS,0.32,0.54,0.75,0.0,2.64,0.29,0.0,0.05,0.0,,,,941.0,,,,,,,pretrain,nims_measured,low_alloy_other
NIMS_00283,NIMS_low_alloy_other,NIMS,0.35,0.54,0.89,0.0,2.78,0.26,0.0,0.05,0.0,,,,1016.0,,,,,,,pretrain,nims_measured,low_alloy_other
NIMS_00284,NIMS_low_alloy_other,NIMS,0.31,0.56,0.71,0.0,2.63,0.22,0.0,0.1,0.0,,,,897.0,,,,,,,pretrain,nims_measured,low_alloy_other
NIMS_00285,NIMS_low_alloy_other,NIMS,0.33,0.49,0.82,0.0,2.66,0.3,0.0,0.06,0.0,,,,928.0,,,,,,,pretrain,nims_measured,low_alloy_other
NIMS_00286,NIMS_low_alloy_other,NIMS,0.28,0.53,0.87,0.0,2.67,0.27,0.0,0.05,0.0,,,,950.0,,,,,,,pretrain,nims_measured,low_alloy_other
NIMS_00287,NIMS_low_alloy_other,NIMS,0.34,0.65,0.84,0.0,2.63,0.26,0.0,0.05,0.0,,,,918.0,,,,,,,pretrain,nims_measured,low_alloy_other
NIMS_00288,NIMS_low_alloy_other,NIMS,0.3,0.53,0.81,0.0,2.7,0.27,0.0,0.07,0.0,,,,901.0,,,,,,,pretrain,nims_measured,low_alloy_other
NIMS_00289,NIMS_low_alloy_other,NIMS,0.32,0.52,0.77,0.0,2.67,0.3,0.0,0.06,0.0,,,,928.0,,,,,,,pretrain,nims_measured,low_alloy_other
NIMS_00290,NIMS_low_alloy_other,NIMS,0.32,0.49,0.82,0.0,2.66,0.3,0.0,0.09,0.0,,,,840.0,,,,,,,pretrain,nims_measured,low_alloy_other
NIMS_00291,NIMS_low_alloy_other,NIMS,0.32,0.58,0.71,0.0,2.65,0.24,0.0,0.06,0.0,,,,821.0,,,,,,,pretrain,nims_measured,low_alloy_other
NIMS_00292,NIMS_low_alloy_other,NIMS,0.32,0.54,0.75,0.0,2.64,0.29,0.0,0.05,0.0,,,,849.0,,,,,,,pretrain,nims_measured,low_alloy_other
NIMS_00293,NIMS_low_alloy_other,NIMS,0.35,0.54,0.89,0.0,2.78,0.26,0.0,0.05,0.0,,,,909.0,,,,,,,pretrain,nims_measured,low_alloy_other
NIMS_00294,NIMS_low_alloy_other,NIMS,0.31,0.56,0.71,0.0,2.63,0.22,0.0,0.1,0.0,,,,833.0,,,,,,,pretrain,nims_measured,low_alloy_other
NIMS_00295,NIMS_low_alloy_other,NIMS,0.33,0.49,0.82,0.0,2.66,0.3,0.0,0.06,0.0,,,,851.0,,,,,,,pretrain,nims_measured,low_alloy_other
NIMS_00296,NIMS_low_alloy_other,NIMS,0.28,0.53,0.87,0.0,2.67,0.27,0.0,0.05,0.0,,,,850.0,,,,,,,pretrain,nims_measured,low_alloy_other
NIMS_00297,NIMS_low_alloy_other,NIMS,0.34,0.65,0.84,0.0,2.63,0.26,0.0,0.05,0.0,,,,854.0,,,,,,,pretrain,nims_measured,low_alloy_other
NIMS_00298,NIMS_low_alloy_other,NIMS,0.3,0.53,0.81,0.0,2.7,0.27,0.0,0.07,0.0,,,,838.0,,,,,,,pretrain,nims_measured,low_alloy_other
NIMS_00299,NIMS_low_alloy_other,NIMS,0.32,0.52,0.77,0.0,2.67,0.3,0.0,0.06,0.0,,,,846.0,,,,,,,pretrain,nims_measured,low_alloy_other
NIMS_00300,NIMS_CrMo_QT,NIMS,0.39,0.77,0.72,0.18,1.67,0.19,0.0,0.07,0.0,,,,1070.0,,,,,,,pretrain,nims_measured,CrMo_QT
NIMS_00301,NIMS_CrMo_QT,NIMS,0.4,0.7,0.78,0.18,1.82,0.23,0.0,0.09,0.0,,,,1087.0,,,,,,,pretrain,nims_measured,CrMo_QT
NIMS_00302,NIMS_CrMo_QT,NIMS,0.4,0.79,0.96,0.24,1.92,0.29,0.0,0.05,0.0,,,,1144.0,,,,,,,pretrain,nims_measured,CrMo_QT
NIMS_00303,NIMS_CrMo_QT,NIMS,0.4,0.7,0.71,0.17,1.63,0.25,0.0,0.08,0.0,,,,1105.0,,,,,,,pretrain,nims_measured,CrMo_QT
NIMS_00304,NIMS_CrMo_QT,NIMS,0.38,0.71,0.75,0.23,1.8,0.26,0.0,0.04,0.0,,,,1125.0,,,,,,,pretrain,nims_measured,CrMo_QT
NIMS_00305,NIMS_CrMo_QT,NIMS,0.4,0.73,0.74,0.2,1.71,0.33,0.0,0.08,0.0,,,,1089.0,,,,,,,pretrain,nims_measured,CrMo_QT
NIMS_00306,NIMS_CrMo_QT,NIMS,0.42,0.73,0.73,0.22,1.69,0.25,0.0,0.09,0.0,,,,1108.0,,,,,,,pretrain,nims_measured,CrMo_QT
NIMS_00307,NIMS_CrMo_QT,NIMS,0.38,0.71,0.72,0.16,1.66,0.26,0.0,0.12,0.0,,,,1085.0,,,,,,,pretrain,nims_measured,CrMo_QT
NIMS_00308,NIMS_CrMo_QT,NIMS,0.41,0.74,0.74,0.22,1.84,0.29,0.0,0.12,0.0,,,,1117.0,,,,,,,pretrain,nims_measured,CrMo_QT
NIMS_00309,NIMS_CrMo_QT,NIMS,0.39,0.71,0.82,0.23,1.76,0.25,0.0,0.09,0.0,,,,1129.0,,,,,,,pretrain,nims_measured,CrMo_QT
NIMS_00310,NIMS_CrMo_QT,NIMS,0.38,0.7,0.74,0.19,1.75,0.29,0.0,0.07,0.0,,,,1089.0,,,,,,,pretrain,nims_measured,CrMo_QT
NIMS_00311,NIMS_CrMo_QT,NIMS,0.42,0.78,0.86,0.24,1.9,0.3,0.0,0.04,0.0,,,,1190.0,,,,,,,pretrain,nims_measured,CrMo_QT
NIMS_00312,NIMS_CrMo_QT,NIMS,0.37,0.76,0.9,0.24,1.88,0.29,0.0,0.03,0.0,,,,1174.0,,,,,,,pretrain,nims_measured,CrMo_QT
NIMS_00313,NIMS_NiCrMo_QT,NIMS,0.43,0.68,0.68,0.17,1.62,0.26,0.0,0.09,0.0,,,,1085.0,,,,,,,pretrain,nims_measured,NiCrMo_QT
NIMS_00314,NIMS_CrMo_QT,NIMS,0.39,0.77,0.72,0.18,1.67,0.19,0.0,0.07,0.0,,,,957.0,,,,,,,pretrain,nims_measured,CrMo_QT
NIMS_00315,NIMS_CrMo_QT,NIMS,0.4,0.7,0.78,0.18,1.82,0.23,0.0,0.09,0.0,,,,984.0,,,,,,,pretrain,nims_measured,CrMo_QT
NIMS_00316,NIMS_CrMo_QT,NIMS,0.4,0.79,0.96,0.24,1.92,0.29,0.0,0.05,0.0,,,,1037.0,,,,,,,pretrain,nims_measured,CrMo_QT
NIMS_00317,NIMS_CrMo_QT,NIMS,0.4,0.7,0.71,0.17,1.63,0.25,0.0,0.08,0.0,,,,985.0,,,,,,,pretrain,nims_measured,CrMo_QT
NIMS_00318,NIMS_CrMo_QT,NIMS,0.38,0.71,0.75,0.23,1.8,0.26,0.0,0.04,0.0,,,,1020.0,,,,,,,pretrain,nims_measured,CrMo_QT
NIMS_00319,NIMS_CrMo_QT,NIMS,0.4,0.73,0.74,0.2,1.71,0.33,0.0,0.08,0.0,,,,990.0,,,,,,,pretrain,nims_measured,CrMo_QT
NIMS_00320,NIMS_CrMo_QT,NIMS,0.42,0.73,0.73,0.22,1.69,0.25,0.0,0.09,0.0,,,,1005.0,,,,,,,pretrain,nims_measured,CrMo_QT
NIMS_00321,NIMS_CrMo_QT,NIMS,0.38,0.71,0.72,0.16,1.66,0.26,0.0,0.12,0.0,,,,962.0,,,,,,,pretrain,nims_measured,CrMo_QT
NIMS_00322,NIMS_CrMo_QT,NIMS,0.41,0.74,0.74,0.22,1.84,0.29,0.0,0.12,0.0,,,,1003.0,,,,,,,pretrain,nims_measured,CrMo_QT
NIMS_00323,NIMS_CrMo_QT,NIMS,0.39,0.71,0.82,0.23,1.76,0.25,0.0,0.09,0.0,,,,1004.0,,,,,,,pretrain,nims_measured,CrMo_QT
NIMS_00324,NIMS_CrMo_QT,NIMS,0.38,0.7,0.74,0.19,1.75,0.29,0.0,0.07,0.0,,,,975.0,,,,,,,pretrain,nims_measured,CrMo_QT
NIMS_00325,NIMS_CrMo_QT,NIMS,0.42,0.78,0.86,0.24,1.9,0.3,0.0,0.04,0.0,,,,1068.0,,,,,,,pretrain,nims_measured,CrMo_QT
NIMS_00326,NIMS_CrMo_QT,NIMS,0.37,0.76,0.9,0.24,1.88,0.29,0.0,0.03,0.0,,,,1069.0,,,,,,,pretrain,nims_measured,CrMo_QT
NIMS_00327,NIMS_NiCrMo_QT,NIMS,0.43,0.68,0.68,0.17,1.62,0.26,0.0,0.09,0.0,,,,973.0,,,,,,,pretrain,nims_measured,NiCrMo_QT
NIMS_00328,NIMS_CrMo_QT,NIMS,0.39,0.77,0.72,0.18,1.67,0.19,0.0,0.07,0.0,,,,843.0,,,,,,,pretrain,nims_measured,CrMo_QT
NIMS_00329,NIMS_CrMo_QT,NIMS,0.4,0.7,0.78,0.18,1.82,0.23,0.0,0.09,0.0,,,,868.0,,,,,,,pretrain,nims_measured,CrMo_QT
NIMS_00330,NIMS_CrMo_QT,NIMS,0.4,0.79,0.96,0.24,1.92,0.29,0.0,0.05,0.0,,,,900.0,,,,,,,pretrain,nims_measured,CrMo_QT
NIMS_00331,NIMS_CrMo_QT,NIMS,0.4,0.7,0.71,0.17,1.63,0.25,0.0,0.08,0.0,,,,864.0,,,,,,,pretrain,nims_measured,CrMo_QT
NIMS_00332,NIMS_CrMo_QT,NIMS,0.38,0.71,0.75,0.23,1.8,0.26,0.0,0.04,0.0,,,,879.0,,,,,,,pretrain,nims_measured,CrMo_QT
NIMS_00333,NIMS_CrMo_QT,NIMS,0.4,0.73,0.74,0.2,1.71,0.33,0.0,0.08,0.0,,,,875.0,,,,,,,pretrain,nims_measured,CrMo_QT
NIMS_00334,NIMS_CrMo_QT,NIMS,0.42,0.73,0.73,0.22,1.69,0.25,0.0,0.09,0.0,,,,883.0,,,,,,,pretrain,nims_measured,CrMo_QT
NIMS_00335,NIMS_CrMo_QT,NIMS,0.38,0.71,0.72,0.16,1.66,0.26,0.0,0.12,0.0,,,,848.0,,,,,,,pretrain,nims_measured,CrMo_QT
NIMS_00336,NIMS_CrMo_QT,NIMS,0.41,0.74,0.74,0.22,1.84,0.29,0.0,0.12,0.0,,,,881.0,,,,,,,pretrain,nims_measured,CrMo_QT
NIMS_00337,NIMS_CrMo_QT,NIMS,0.39,0.71,0.82,0.23,1.76,0.25,0.0,0.09,0.0,,,,874.0,,,,,,,pretrain,nims_measured,CrMo_QT
NIMS_00338,NIMS_CrMo_QT,NIMS,0.38,0.7,0.74,0.19,1.75,0.29,0.0,0.07,0.0,,,,864.0,,,,,,,pretrain,nims_measured,CrMo_QT
NIMS_00339,NIMS_CrMo_QT,NIMS,0.42,0.78,0.86,0.24,1.9,0.3,0.0,0.04,0.0,,,,912.0,,,,,,,pretrain,nims_measured,CrMo_QT
NIMS_00340,NIMS_CrMo_QT,NIMS,0.37,0.76,0.9,0.24,1.88,0.29,0.0,0.03,0.0,,,,900.0,,,,,,,pretrain,nims_measured,CrMo_QT
NIMS_00341,NIMS_NiCrMo_QT,NIMS,0.43,0.68,0.68,0.17,1.62,0.26,0.0,0.09,0.0,,,,855.0,,,,,,,pretrain,nims_measured,NiCrMo_QT
NIMS_00342,NIMS_low_alloy_other,NIMS,0.47,0.72,0.79,0.0,1.76,0.28,0.0,0.06,0.0,,,,1149.0,,,,,,,pretrain,nims_measured,low_alloy_other
NIMS_00343,NIMS_low_alloy_other,NIMS,0.47,0.76,0.71,0.0,1.67,0.19,0.0,0.06,0.0,,,,1111.0,,,,,,,pretrain,nims_measured,low_alloy_other
NIMS_00344,NIMS_low_alloy_other,NIMS,0.44,0.74,0.79,0.0,1.74,0.25,0.0,0.09,0.0,,,,1151.0,,,,,,,pretrain,nims_measured,low_alloy_other
NIMS_00345,NIMS_low_alloy_other,NIMS,0.45,0.79,0.73,0.0,1.65,0.16,0.0,0.05,0.0,,,,1072.0,,,,,,,pretrain,nims_measured,low_alloy_other
NIMS_00346,NIMS_low_alloy_other,NIMS,0.48,0.7,0.73,0.0,1.66,0.2,0.0,0.11,0.0,,,,1138.0,,,,,,,pretrain,nims_measured,low_alloy_other
NIMS_00347,NIMS_low_alloy_other,NIMS,0.49,0.69,0.77,0.0,1.8,0.29,0.0,0.07,0.0,,,,1167.0,,,,,,,pretrain,nims_measured,low_alloy_other
NIMS_00348,NIMS_low_alloy_other,NIMS,0.47,0.72,0.79,0.0,1.76,0.28,0.0,0.06,0.0,,,,1032.0,,,,,,,pretrain,nims_measured,low_alloy_other
NIMS_00349,NIMS_low_alloy_other,NIMS,0.47,0.76,0.71,0.0,1.67,0.19,0.0,0.06,0.0,,,,992.0,,,,,,,pretrain,nims_measured,low_alloy_other
NIMS_00350,NIMS_low_alloy_other,NIMS,0.44,0.74,0.79,0.0,1.74,0.25,0.0,0.09,0.0,,,,1026.0,,,,,,,pretrain,nims_measured,low_alloy_other
NIMS_00351,NIMS_low_alloy_other,NIMS,0.45,0.79,0.73,0.0,1.65,0.16,0.0,0.05,0.0,,,,969.0,,,,,,,pretrain,nims_measured,low_alloy_other
NIMS_00352,NIMS_low_alloy_other,NIMS,0.48,0.7,0.73,0.0,1.66,0.2,0.0,0.11,0.0,,,,1012.0,,,,,,,pretrain,nims_measured,low_alloy_other
NIMS_00353,NIMS_low_alloy_other,NIMS,0.49,0.69,0.77,0.0,1.8,0.29,0.0,0.07,0.0,,,,1046.0,,,,,,,pretrain,nims_measured,low_alloy_other
NIMS_00354,NIMS_low_alloy_other,NIMS,0.47,0.72,0.79,0.0,1.76,0.28,0.0,0.06,0.0,,,,911.0,,,,,,,pretrain,nims_measured,low_alloy_other
NIMS_00355,NIMS_low_alloy_other,NIMS,0.47,0.76,0.71,0.0,1.67,0.19,0.0,0.06,0.0,,,,878.0,,,,,,,pretrain,nims_measured,low_alloy_other
NIMS_00356,NIMS_low_alloy_other,NIMS,0.44,0.74,0.79,0.0,1.74,0.25,0.0,0.09,0.0,,,,895.0,,,,,,,pretrain,nims_measured,low_alloy_other
NIMS_00357,NIMS_low_alloy_other,NIMS,0.45,0.79,0.73,0.0,1.65,0.16,0.0,0.05,0.0,,,,860.0,,,,,,,pretrain,nims_measured,low_alloy_other
NIMS_00358,NIMS_low_alloy_other,NIMS,0.48,0.7,0.73,0.0,1.66,0.2,0.0,0.11,0.0,,,,881.0,,,,,,,pretrain,nims_measured,low_alloy_other
NIMS_00359,NIMS_low_alloy_other,NIMS,0.49,0.69,0.77,0.0,1.8,0.29,0.0,0.07,0.0,,,,909.0,,,,,,,pretrain,nims_measured,low_alloy_other
KG_CS_1000,1006,Kaggle_Carbon_Steel,0.08,0.4,,,,,0.0,,,,,,295.0,165.0,30.0,,,,86,pretrain,kaggle_measured,carbon_steel
KG_CS_1001,1006,Kaggle_Carbon_Steel,0.08,0.4,,,,,0.0,,,,,,330.0,285.0,20.0,,,,95,pretrain,kaggle_measured,carbon_steel
KG_CS_1002,1008,Kaggle_Carbon_Steel,0.1,0.5,,,,,0.0,,,,,,305.0,170.0,30.0,,,,86,pretrain,kaggle_measured,carbon_steel
KG_CS_1003,1008,Kaggle_Carbon_Steel,0.1,0.5,,,,,0.0,,,,,,340.0,285.0,20.0,,,,95,pretrain,kaggle_measured,carbon_steel
KG_CS_1004,1010,Kaggle_Carbon_Steel,0.13,0.5,,,,,0.0,,,,,,325.0,180.0,28.0,,,,95,pretrain,kaggle_measured,carbon_steel
KG_CS_1005,1010,Kaggle_Carbon_Steel,0.13,0.5,,,,,0.0,,,,,,365.0,305.0,20.0,,,,105,pretrain,kaggle_measured,carbon_steel
KG_CS_1006,1012,Kaggle_Carbon_Steel,0.15,0.6,,,,,0.0,,,,,,330.0,185.0,28.0,,,,95,pretrain,kaggle_measured,carbon_steel
KG_CS_1007,1012,Kaggle_Carbon_Steel,0.15,0.6,,,,,0.0,,,,,,370.0,310.0,19.0,,,,105,pretrain,kaggle_measured,carbon_steel
KG_CS_1008,1015,Kaggle_Carbon_Steel,0.18,0.6,,,,,0.0,,,,,,345.0,190.0,28.0,,,,101,pretrain,kaggle_measured,carbon_steel
KG_CS_1009,1015,Kaggle_Carbon_Steel,0.18,0.6,,,,,0.0,,,,,,385.0,325.0,18.0,,,,111,pretrain,kaggle_measured,carbon_steel
KG_CS_1010,1016,Kaggle_Carbon_Steel,0.18,0.9,,,,,0.0,,,,,,380.0,205.0,25.0,,,,110,pretrain,kaggle_measured,carbon_steel
KG_CS_1011,1016,Kaggle_Carbon_Steel,0.18,0.9,,,,,0.0,,,,,,420.0,350.0,18.0,,,,121,pretrain,kaggle_measured,carbon_steel
KG_CS_1012,1017,Kaggle_Carbon_Steel,0.2,0.6,,,,,0.0,,,,,,365.0,200.0,26.0,,,,105,pretrain,kaggle_measured,carbon_steel
KG_CS_1013,1017,Kaggle_Carbon_Steel,0.2,0.6,,,,,0.0,,,,,,405.0,340.0,18.0,,,,116,pretrain,kaggle_measured,carbon_steel
KG_CS_1014,1018,Kaggle_Carbon_Steel,0.2,0.9,,,,,0.0,,,,,,400.0,220.0,25.0,,,,116,pretrain,kaggle_measured,carbon_steel
KG_CS_1015,1018,Kaggle_Carbon_Steel,0.2,0.9,,,,,0.0,,,,,,440.0,370.0,15.0,,,,126,pretrain,kaggle_measured,carbon_steel
KG_CS_1016,1019,Kaggle_Carbon_Steel,0.2,1.0,,,,,0.0,,,,,,405.0,225.0,25.0,,,,116,pretrain,kaggle_measured,carbon_steel
KG_CS_1017,1019,Kaggle_Carbon_Steel,0.2,1.0,,,,,0.0,,,,,,455.0,380.0,15.0,,,,131,pretrain,kaggle_measured,carbon_steel
KG_CS_1018,1020,Kaggle_Carbon_Steel,0.23,0.6,,,,,0.0,,,,,,380.0,205.0,25.0,,,,111,pretrain,kaggle_measured,carbon_steel
KG_CS_1019,1020,Kaggle_Carbon_Steel,0.23,0.6,,,,,0.0,,,,,,420.0,350.0,15.0,,,,121,pretrain,kaggle_measured,carbon_steel
KG_CS_1020,1021,Kaggle_Carbon_Steel,0.23,0.9,,,,,0.0,,,,,,420.0,230.0,24.0,,,,116,pretrain,kaggle_measured,carbon_steel
KG_CS_1021,1021,Kaggle_Carbon_Steel,0.23,0.9,,,,,0.0,,,,,,470.0,395.0,15.0,,,,131,pretrain,kaggle_measured,carbon_steel
KG_CS_1022,1022,Kaggle_Carbon_Steel,0.23,1.0,,,,,0.0,,,,,,425.0,235.0,23.0,,,,121,pretrain,kaggle_measured,carbon_steel
KG_CS_1023,1022,Kaggle_Carbon_Steel,0.23,1.0,,,,,0.0,,,,,,475.0,400.0,15.0,,,,137,pretrain,kaggle_measured,carbon_steel
KG_CS_1024,1023,Kaggle_Carbon_Steel,0.25,0.6,,,,,0.0,,,,,,385.0,215.0,25.0,,,,111,pretrain,kaggle_measured,carbon_steel
KG_CS_1025,1023,Kaggle_Carbon_Steel,0.25,0.6,,,,,0.0,,,,,,425.0,360.0,15.0,,,,121,pretrain,kaggle_measured,carbon_steel
KG_CS_1026,1025,Kaggle_Carbon_Steel,0.28,0.6,,,,,0.0,,,,,,400.0,220.0,25.0,,,,116,pretrain,kaggle_measured,carbon_steel
KG_CS_1027,1025,Kaggle_Carbon_Steel,0.28,0.6,,,,,0.0,,,,,,440.0,370.0,15.0,,,,126,pretrain,kaggle_measured,carbon_steel
KG_CS_1028,1026,Kaggle_Carbon_Steel,0.28,0.9,,,,,0.0,,,,,,440.0,240.0,24.0,,,,126,pretrain,kaggle_measured,carbon_steel
KG_CS_1029,1026,Kaggle_Carbon_Steel,0.28,0.9,,,,,0.0,,,,,,490.0,415.0,15.0,,,,143,pretrain,kaggle_measured,carbon_steel
KG_CS_1030,1030,Kaggle_Carbon_Steel,0.34,0.9,,,,,0.0,,,,,,470.0,260.0,20.0,,,,137,pretrain,kaggle_measured,carbon_steel
KG_CS_1031,1030,Kaggle_Carbon_Steel,0.34,0.9,,,,,0.0,,,,,,525.0,440.0,12.0,,,,149,pretrain,kaggle_measured,carbon_steel
KG_CS_1032,1035,Kaggle_Carbon_Steel,0.38,0.9,,,,,0.0,,,,,,495.0,270.0,18.0,,,,143,pretrain,kaggle_measured,carbon_steel
KG_CS_1033,1035,Kaggle_Carbon_Steel,0.38,0.9,,,,,0.0,,,,,,550.0,460.0,12.0,,,,163,pretrain,kaggle_measured,carbon_steel
KG_CS_1034,1037,Kaggle_Carbon_Steel,0.38,1.0,,,,,0.0,,,,,,510.0,280.0,18.0,,,,143,pretrain,kaggle_measured,carbon_steel
KG_CS_1035,1037,Kaggle_Carbon_Steel,0.38,1.0,,,,,0.0,,,,,,565.0,475.0,12.0,,,,167,pretrain,kaggle_measured,carbon_steel
KG_CS_1036,1038,Kaggle_Carbon_Steel,0.42,0.9,,,,,0.0,,,,,,515.0,285.0,18.0,,,,149,pretrain,kaggle_measured,carbon_steel
KG_CS_1037,1038,Kaggle_Carbon_Steel,0.42,0.9,,,,,0.0,,,,,,570.0,485.0,12.0,,,,163,pretrain,kaggle_measured,carbon_steel
KG_CS_1038,1039,Kaggle_Carbon_Steel,0.44,1.0,,,,,0.0,,,,,,545.0,300.0,16.0,,,,156,pretrain,kaggle_measured,carbon_steel
KG_CS_1039,1039,Kaggle_Carbon_Steel,0.44,1.0,,,,,0.0,,,,,,605.0,510.0,12.0,,,,179,pretrain,kaggle_measured,carbon_steel
KG_CS_1040,1040,Kaggle_Carbon_Steel,0.44,0.9,,,,,0.0,,,,,,525.0,290.0,18.0,,,,149,pretrain,kaggle_measured,carbon_steel
KG_CS_1041,1040,Kaggle_Carbon_Steel,0.44,0.9,,,,,0.0,,,,,,585.0,490.0,12.0,,,,170,pretrain,kaggle_measured,carbon_steel
KG_CS_1042,1042,Kaggle_Carbon_Steel,0.47,0.9,,,,,0.0,,,,,,550.0,305.0,16.0,,,,163,pretrain,kaggle_measured,carbon_steel
KG_CS_1043,1042,Kaggle_Carbon_Steel,0.47,0.9,,,,,0.0,,,,,,615.0,515.0,12.0,,,,179,pretrain,kaggle_measured,carbon_steel
KG_CS_1044,1042,Kaggle_Carbon_Steel,0.47,0.9,,,,,0.0,,,,,,585.0,505.0,12.0,,,,179,pretrain,kaggle_measured,carbon_steel
KG_CS_1045,1043,Kaggle_Carbon_Steel,0.47,1.0,,,,,0.0,,,,,,565.0,310.0,16.0,,,,163,pretrain,kaggle_measured,carbon_steel
KG_CS_1046,1043,Kaggle_Carbon_Steel,0.47,1.0,,,,,0.0,,,,,,625.0,530.0,12.0,,,,179,pretrain,kaggle_measured,carbon_steel
KG_CS_1047,1043,Kaggle_Carbon_Steel,0.47,1.0,,,,,0.0,,,,,,600.0,515.0,12.0,,,,179,pretrain,kaggle_measured,carbon_steel
KG_CS_1048,1044,Kaggle_Carbon_Steel,0.5,0.6,,,,,0.0,,,,,,550.0,305.0,16.0,,,,163,pretrain,kaggle_measured,carbon_steel
KG_CS_1049,1045,Kaggle_Carbon_Steel,0.5,0.9,,,,,0.0,,,,,,565.0,310.0,16.0,,,,163,pretrain,kaggle_measured,carbon_steel
KG_CS_1050,1045,Kaggle_Carbon_Steel,0.5,0.9,,,,,0.0,,,,,,625.0,530.0,12.0,,,,179,pretrain,kaggle_measured,carbon_steel
KG_CS_1051,1045,Kaggle_Carbon_Steel,0.5,0.9,,,,,0.0,,,,,,585.0,505.0,12.0,,,,170,pretrain,kaggle_measured,carbon_steel
KG_CS_1052,1046,Kaggle_Carbon_Steel,0.5,1.0,,,,,0.0,,,,,,585.0,325.0,15.0,,,,170,pretrain,kaggle_measured,carbon_steel
KG_CS_1053,1046,Kaggle_Carbon_Steel,0.5,1.0,,,,,0.0,,,,,,650.0,545.0,12.0,,,,187,pretrain,kaggle_measured,carbon_steel
KG_CS_1054,1046,Kaggle_Carbon_Steel,0.5,1.0,,,,,0.0,,,,,,620.0,515.0,12.0,,,,179,pretrain,kaggle_measured,carbon_steel
KG_CS_1055,1049,Kaggle_Carbon_Steel,0.53,0.9,,,,,0.0,,,,,,600.0,330.0,15.0,,,,179,pretrain,kaggle_measured,carbon_steel
KG_CS_1056,1049,Kaggle_Carbon_Steel,0.53,0.9,,,,,0.0,,,,,,670.0,560.0,10.0,,,,197,pretrain,kaggle_measured,carbon_steel
KG_CS_1057,1049,Kaggle_Carbon_Steel,0.53,0.9,,,,,0.0,,,,,,635.0,530.0,10.0,,,,187,pretrain,kaggle_measured,carbon_steel
KG_CS_1058,1050,Kaggle_Carbon_Steel,0.55,0.9,,,,,0.0,,,,,,620.0,340.0,15.0,,,,179,pretrain,kaggle_measured,carbon_steel
KG_CS_1059,1050,Kaggle_Carbon_Steel,0.55,0.9,,,,,0.0,,,,,,690.0,580.0,10.0,,,,197,pretrain,kaggle_measured,carbon_steel
KG_CS_1060,1050,Kaggle_Carbon_Steel,0.55,0.9,,,,,0.0,,,,,,655.0,550.0,10.0,,,,189,pretrain,kaggle_measured,carbon_steel
KG_CS_1061,1055,Kaggle_Carbon_Steel,0.6,0.9,,,,,0.0,,,,,,650.0,355.0,12.0,,,,192,pretrain,kaggle_measured,carbon_steel
KG_CS_1062,1055,Kaggle_Carbon_Steel,0.6,0.9,,,,,0.0,,,,,,660.0,560.0,10.0,,,,197,pretrain,kaggle_measured,carbon_steel
KG_CS_1063,1060,Kaggle_Carbon_Steel,0.65,0.9,,,,,0.0,,,,,,675.0,370.0,12.0,,,,201,pretrain,kaggle_measured,carbon_steel
KG_CS_1064,1060,Kaggle_Carbon_Steel,0.65,0.9,,,,,0.0,,,,,,620.0,485.0,10.0,,,,183,pretrain,kaggle_measured,carbon_steel
KG_CS_1065,1064,Kaggle_Carbon_Steel,0.7,0.8,,,,,0.0,,,,,,670.0,370.0,12.0,,,,201,pretrain,kaggle_measured,carbon_steel
KG_CS_1066,1064,Kaggle_Carbon_Steel,0.7,0.8,,,,,0.0,,,,,,615.0,475.0,10.0,,,,183,pretrain,kaggle_measured,carbon_steel
KG_CS_1067,1065,Kaggle_Carbon_Steel,0.7,0.9,,,,,0.0,,,,,,690.0,380.0,12.0,,,,207,pretrain,kaggle_measured,carbon_steel
KG_CS_1068,1065,Kaggle_Carbon_Steel,0.7,0.9,,,,,0.0,,,,,,635.0,490.0,10.0,,,,187,pretrain,kaggle_measured,carbon_steel
KG_CS_1069,1070,Kaggle_Carbon_Steel,0.75,0.9,,,,,0.0,,,,,,705.0,385.0,12.0,,,,212,pretrain,kaggle_measured,carbon_steel
KG_CS_1070,1070,Kaggle_Carbon_Steel,0.75,0.9,,,,,0.0,,,,,,640.0,495.0,10.0,,,,192,pretrain,kaggle_measured,carbon_steel
KG_CS_1071,1074,Kaggle_Carbon_Steel,0.8,0.8,,,,,0.0,,,,,,725.0,400.0,12.0,,,,217,pretrain,kaggle_measured,carbon_steel
KG_CS_1072,1074,Kaggle_Carbon_Steel,0.8,0.8,,,,,0.0,,,,,,650.0,505.0,10.0,,,,192,pretrain,kaggle_measured,carbon_steel
KG_CS_1073,1078,Kaggle_Carbon_Steel,0.85,0.6,,,,,0.0,,,,,,690.0,380.0,12.0,,,,207,pretrain,kaggle_measured,carbon_steel
KG_CS_1074,1078,Kaggle_Carbon_Steel,0.85,0.6,,,,,0.0,,,,,,650.0,500.0,10.0,,,,192,pretrain,kaggle_measured,carbon_steel
KG_CS_1075,1080,Kaggle_Carbon_Steel,0.88,0.9,,,,,0.0,,,,,,770.0,425.0,10.0,,,,229,pretrain,kaggle_measured,carbon_steel
KG_CS_1076,1080,Kaggle_Carbon_Steel,0.88,0.9,,,,,0.0,,,,,,675.0,515.0,10.0,,,,192,pretrain,kaggle_measured,carbon_steel
KG_CS_1077,1084,Kaggle_Carbon_Steel,0.93,0.9,,,,,0.0,,,,,,820.0,450.0,10.0,,,,241,pretrain,kaggle_measured,carbon_steel
KG_CS_1078,1084,Kaggle_Carbon_Steel,0.93,0.9,,,,,0.0,,,,,,690.0,530.0,10.0,,,,192,pretrain,kaggle_measured,carbon_steel
KG_CS_1079,1085,Kaggle_Carbon_Steel,0.95,1.0,,,,,0.0,,,,,,835.0,460.0,10.0,,,,248,pretrain,kaggle_measured,carbon_steel
KG_CS_1080,1085,Kaggle_Carbon_Steel,0.95,1.0,,,,,0.0,,,,,,695.0,540.0,10.0,,,,192,pretrain,kaggle_measured,carbon_steel
KG_CS_1081,1086,Kaggle_Carbon_Steel,0.93,0.5,,,,,0.0,,,,,,770.0,425.0,10.0,,,,229,pretrain,kaggle_measured,carbon_steel
KG_CS_1082,1086,Kaggle_Carbon_Steel,0.93,0.5,,,,,0.0,,,,,,670.0,510.0,10.0,,,,192,pretrain,kaggle_measured,carbon_steel
KG_CS_1083,1090,Kaggle_Carbon_Steel,0.98,0.9,,,,,0.0,,,,,,840.0,460.0,10.0,,,,248,pretrain,kaggle_measured,carbon_steel
KG_CS_1084,1090,Kaggle_Carbon_Steel,0.98,0.9,,,,,0.0,,,,,,695.0,540.0,10.0,,,,197,pretrain,kaggle_measured,carbon_steel
KG_CS_1085,1095,Kaggle_Carbon_Steel,1.03,0.5,,,,,0.0,,,,,,825.0,455.0,10.0,,,,248,pretrain,kaggle_measured,carbon_steel
KG_CS_1086,1095,Kaggle_Carbon_Steel,1.03,0.5,,,,,0.0,,,,,,680.0,525.0,10.0,,,,197,pretrain,kaggle_measured,carbon_steel
KG_CS_1087,1108,Kaggle_Carbon_Steel,0.13,0.8,,,,,0.0,,,,,,345.0,190.0,30.0,,,,101,pretrain,kaggle_measured,carbon_steel
KG_CS_1088,1108,Kaggle_Carbon_Steel,0.13,0.8,,,,,0.0,,,,,,385.0,325.0,20.0,,,,121,pretrain,kaggle_measured,carbon_steel
KG_CS_1089,1109,Kaggle_Carbon_Steel,0.13,0.9,,,,,0.0,,,,,,345.0,190.0,30.0,,,,101,pretrain,kaggle_measured,carbon_steel
KG_CS_1090,1109,Kaggle_Carbon_Steel,0.13,0.9,,,,,0.0,,,,,,385.0,325.0,20.0,,,,121,pretrain,kaggle_measured,carbon_steel
KG_CS_1091,1117,Kaggle_Carbon_Steel,0.2,1.3,,,,,0.0,,,,,,425.0,235.0,23.0,,,,121,pretrain,kaggle_measured,carbon_steel
KG_CS_1092,1117,Kaggle_Carbon_Steel,0.2,1.3,,,,,0.0,,,,,,475.0,400.0,15.0,,,,137,pretrain,kaggle_measured,carbon_steel
KG_CS_1093,1118,Kaggle_Carbon_Steel,0.2,1.6,,,,,0.0,,,,,,450.0,250.0,23.0,,,,131,pretrain,kaggle_measured,carbon_steel
KG_CS_1094,1118,Kaggle_Carbon_Steel,0.2,1.6,,,,,0.0,,,,,,495.0,420.0,15.0,,,,143,pretrain,kaggle_measured,carbon_steel
KG_CS_1095,1119,Kaggle_Carbon_Steel,0.2,1.3,,,,,0.0,,,,,,425.0,235.0,23.0,,,,121,pretrain,kaggle_measured,carbon_steel
KG_CS_1096,1119,Kaggle_Carbon_Steel,0.2,1.3,,,,,0.0,,,,,,475.0,400.0,15.0,,,,137,pretrain,kaggle_measured,carbon_steel
KG_CS_1097,1132,Kaggle_Carbon_Steel,0.34,1.65,,,,,0.0,,,,,,570.0,315.0,16.0,,,,167,pretrain,kaggle_measured,carbon_steel
KG_CS_1098,1132,Kaggle_Carbon_Steel,0.34,1.65,,,,,0.0,,,,,,635.0,530.0,12.0,,,,183,pretrain,kaggle_measured,carbon_steel
KG_CS_1099,1137,Kaggle_Carbon_Steel,0.39,1.65,,,,,0.0,,,,,,605.0,330.0,15.0,,,,179,pretrain,kaggle_measured,carbon_steel
KG_CS_1100,1137,Kaggle_Carbon_Steel,0.39,1.65,,,,,0.0,,,,,,675.0,565.0,10.0,,,,197,pretrain,kaggle_measured,carbon_steel
KG_CS_1101,1140,Kaggle_Carbon_Steel,0.44,1.0,,,,,0.0,,,,,,545.0,300.0,16.0,,,,156,pretrain,kaggle_measured,carbon_steel
KG_CS_1102,1140,Kaggle_Carbon_Steel,0.44,1.0,,,,,0.0,,,,,,605.0,510.0,12.0,,,,170,pretrain,kaggle_measured,carbon_steel
KG_CS_1103,1141,Kaggle_Carbon_Steel,0.45,1.65,,,,,0.0,,,,,,650.0,355.0,15.0,,,,187,pretrain,kaggle_measured,carbon_steel
KG_CS_1104,1141,Kaggle_Carbon_Steel,0.45,1.65,,,,,0.0,,,,,,725.0,605.0,10.0,,,,212,pretrain,kaggle_measured,carbon_steel
KG_CS_1105,1144,Kaggle_Carbon_Steel,0.48,1.65,,,,,0.0,,,,,,670.0,365.0,15.0,,,,197,pretrain,kaggle_measured,carbon_steel
KG_CS_1106,1144,Kaggle_Carbon_Steel,0.48,1.65,,,,,0.0,,,,,,745.0,620.0,10.0,,,,217,pretrain,kaggle_measured,carbon_steel
KG_CS_1107,1145,Kaggle_Carbon_Steel,0.49,1.0,,,,,0.0,,,,,,585.0,325.0,15.0,,,,170,pretrain,kaggle_measured,carbon_steel
KG_CS_1108,1145,Kaggle_Carbon_Steel,0.49,1.0,,,,,0.0,,,,,,650.0,550.0,12.0,,,,187,pretrain,kaggle_measured,carbon_steel
KG_CS_1109,1146,Kaggle_Carbon_Steel,0.49,1.0,,,,,0.0,,,,,,585.0,325.0,15.0,,,,170,pretrain,kaggle_measured,carbon_steel
KG_CS_1110,1146,Kaggle_Carbon_Steel,0.49,1.0,,,,,0.0,,,,,,650.0,550.0,12.0,,,,187,pretrain,kaggle_measured,carbon_steel
KG_CS_1111,1151,Kaggle_Carbon_Steel,0.55,1.0,,,,,0.0,,,,,,635.0,350.0,15.0,,,,187,pretrain,kaggle_measured,carbon_steel
KG_CS_1112,1151,Kaggle_Carbon_Steel,0.55,1.0,,,,,0.0,,,,,,705.0,595.0,10.0,,,,207,pretrain,kaggle_measured,carbon_steel
KG_CS_1113,1211,Kaggle_Carbon_Steel,0.13,0.12,,,,,0.0,,,,,,380.0,230.0,25.0,,,,121,pretrain,kaggle_measured,carbon_steel
KG_CS_1114,1211,Kaggle_Carbon_Steel,0.13,0.12,,,,,0.0,,,,,,515.0,400.0,10.0,,,,163,pretrain,kaggle_measured,carbon_steel
KG_CS_1115,1212,Kaggle_Carbon_Steel,0.13,0.12,,,,,0.0,,,,,,385.0,230.0,25.0,,,,121,pretrain,kaggle_measured,carbon_steel
KG_CS_1116,1212,Kaggle_Carbon_Steel,0.13,0.12,,,,,0.0,,,,,,540.0,415.0,10.0,,,,167,pretrain,kaggle_measured,carbon_steel
KG_CS_1117,1213,Kaggle_Carbon_Steel,0.13,0.12,,,,,0.0,,,,,,385.0,230.0,25.0,,,,121,pretrain,kaggle_measured,carbon_steel
KG_CS_1118,1213,Kaggle_Carbon_Steel,0.13,0.12,,,,,0.0,,,,,,540.0,415.0,10.0,,,,167,pretrain,kaggle_measured,carbon_steel
KG_CS_1119,12L14,Kaggle_Carbon_Steel,0.015,1.15,,,,,0.0,,,,,,395.0,235.0,22.0,,,,121,pretrain,kaggle_measured,carbon_steel
KG_CS_1120,12L14,Kaggle_Carbon_Steel,0.015,1.15,,,,,0.0,,,,,,540.0,415.0,10.0,,,,163,pretrain,kaggle_measured,carbon_steel
KG_CS_1121,1340,Kaggle_Carbon_Steel,0.43,1.9,,,,,0.0,,,,,,834.0,558.0,22.0,,,,248,pretrain,kaggle_measured,carbon_steel
KG_CS_1122,1340,Kaggle_Carbon_Steel,0.43,1.9,,,,,0.0,,,,,,703.0,434.0,25.5,,,,207,pretrain,kaggle_measured,carbon_steel
KG_CS_1123,1524,Kaggle_Carbon_Steel,0.25,1.65,,,,,0.0,,,,,,510.0,285.0,20.0,,,,149,pretrain,kaggle_measured,carbon_steel
KG_CS_1124,1524,Kaggle_Carbon_Steel,0.25,1.65,,,,,0.0,,,,,,565.0,475.0,12.0,,,,163,pretrain,kaggle_measured,carbon_steel
KG_CS_1125,1527,Kaggle_Carbon_Steel,0.29,1.5,,,,,0.0,,,,,,515.0,285.0,18.0,,,,149,pretrain,kaggle_measured,carbon_steel
KG_CS_1126,1527,Kaggle_Carbon_Steel,0.29,1.5,,,,,0.0,,,,,,570.0,485.0,12.0,,,,163,pretrain,kaggle_measured,carbon_steel
KG_CS_1127,1536,Kaggle_Carbon_Steel,0.37,1.5,,,,,0.0,,,,,,570.0,315.0,16.0,,,,163,pretrain,kaggle_measured,carbon_steel
KG_CS_1128,1536,Kaggle_Carbon_Steel,0.37,1.5,,,,,0.0,,,,,,635.0,535.0,12.0,,,,187,pretrain,kaggle_measured,carbon_steel
KG_CS_1129,1541,Kaggle_Carbon_Steel,0.44,1.65,,,,,0.0,,,,,,635.0,350.0,15.0,,,,187,pretrain,kaggle_measured,carbon_steel
KG_CS_1130,1541,Kaggle_Carbon_Steel,0.44,1.65,,,,,0.0,,,,,,705.0,600.0,10.0,,,,207,pretrain,kaggle_measured,carbon_steel
KG_CS_1131,1541,Kaggle_Carbon_Steel,0.44,1.65,,,,,0.0,,,,,,650.0,550.0,10.0,,,,184,pretrain,kaggle_measured,carbon_steel
KG_CS_1132,1547,Kaggle_Carbon_Steel,0.51,1.65,,,,,0.0,,,,,,650.0,360.0,15.0,,,,192,pretrain,kaggle_measured,carbon_steel
KG_CS_1133,1547,Kaggle_Carbon_Steel,0.51,1.65,,,,,0.0,,,,,,710.0,605.0,10.0,,,,207,pretrain,kaggle_measured,carbon_steel
KG_CS_1134,1547,Kaggle_Carbon_Steel,0.51,1.65,,,,,0.0,,,,,,655.0,585.0,10.0,,,,187,pretrain,kaggle_measured,carbon_steel
KG_CS_1135,1548,Kaggle_Carbon_Steel,0.52,1.4,,,,,0.0,,,,,,660.0,365.0,14.0,,,,197,pretrain,kaggle_measured,carbon_steel
KG_CS_1136,1548,Kaggle_Carbon_Steel,0.52,1.4,,,,,0.0,,,,,,735.0,615.0,10.0,,,,217,pretrain,kaggle_measured,carbon_steel
KG_CS_1137,1548,Kaggle_Carbon_Steel,0.52,1.4,,,,,0.0,,,,,,645.0,540.0,10.0,,,,192,pretrain,kaggle_measured,carbon_steel
KG_CS_1138,1552,Kaggle_Carbon_Steel,0.55,1.5,,,,,0.0,,,,,,745.0,410.0,12.0,,,,217,pretrain,kaggle_measured,carbon_steel
KG_CS_1139,1552,Kaggle_Carbon_Steel,0.55,1.5,,,,,0.0,,,,,,675.0,570.0,10.0,,,,193,pretrain,kaggle_measured,carbon_steel
KG_CS_1140,3140,Kaggle_Carbon_Steel,0.43,0.9,0.75,,1.4,0.35,0.0,,,,,,889.0,600.0,19.7,,,,262,pretrain,kaggle_measured,carbon_steel
KG_CS_1141,3140,Kaggle_Carbon_Steel,0.43,0.9,0.75,,1.4,0.35,0.0,,,,,,690.0,420.0,24.5,,,,197,pretrain,kaggle_measured,carbon_steel
KG_CS_1142,4130,Kaggle_Carbon_Steel,0.33,0.6,,,,,0.0,,,,,,670.0,435.0,25.5,,,,197,pretrain,kaggle_measured,carbon_steel
KG_CS_1143,4130,Kaggle_Carbon_Steel,0.33,0.6,,,,,0.0,,,,,,560.0,460.0,21.5,,,,217,pretrain,kaggle_measured,carbon_steel
KG_CS_1144,4130,Kaggle_Carbon_Steel,0.33,0.6,,,,,0.0,,,,,,1040.0,979.0,18.1,,,,302,pretrain,kaggle_measured,carbon_steel
KG_CS_1145,4140,Kaggle_Carbon_Steel,0.43,1.0,,,,,0.0,,,,,,1020.0,655.0,17.7,,,,302,pretrain,kaggle_measured,carbon_steel
KG_CS_1147,4140,Kaggle_Carbon_Steel,0.43,1.0,,,,,0.0,,,,,,1075.0,986.0,15.5,,,,311,pretrain,kaggle_measured,carbon_steel
KG_CS_1149,4150,Kaggle_Carbon_Steel,0.53,1.0,,,,,0.0,,,,,,731.0,380.0,20.2,,,,197,pretrain,kaggle_measured,carbon_steel
KG_CS_1150,4150,Kaggle_Carbon_Steel,0.53,1.0,,,,,0.0,,,,,,1310.0,1215.0,13.5,,,,375,pretrain,kaggle_measured,carbon_steel
KG_CS_1151,4320,Kaggle_Carbon_Steel,0.22,0.65,,,,,0.0,,,,,,793.0,460.0,20.8,,,,235,pretrain,kaggle_measured,carbon_steel
KG_CS_1152,4320,Kaggle_Carbon_Steel,0.22,0.65,,,,,0.0,,,,,,580.0,425.0,29.0,,,,163,pretrain,kaggle_measured,carbon_steel
KG_CS_1153,4340,Kaggle_Carbon_Steel,0.43,0.8,,,,,0.0,,,,,,1282.0,862.0,12.2,,,,363,pretrain,kaggle_measured,carbon_steel
KG_CS_1154,4340,Kaggle_Carbon_Steel,0.43,0.8,,,,,0.0,,,,,,745.0,470.0,22.0,,,,217,pretrain,kaggle_measured,carbon_steel
KG_CS_1155,4340,Kaggle_Carbon_Steel,0.43,0.8,,,,,0.0,,,,,,1207.0,1145.0,14.2,,,,352,pretrain,kaggle_measured,carbon_steel
KG_CS_1156,4419,Kaggle_Carbon_Steel,0.23,0.65,,,,,0.0,,,,,,515.0,350.0,32.5,,,,143,pretrain,kaggle_measured,carbon_steel
KG_CS_1157,4419,Kaggle_Carbon_Steel,0.23,0.65,,,,,0.0,,,,,,450.0,330.0,31.2,,,,121,pretrain,kaggle_measured,carbon_steel
KG_CS_1158,4620,Kaggle_Carbon_Steel,0.22,0.65,,,,,0.0,,,,,,570.0,365.0,29.0,,,,174,pretrain,kaggle_measured,carbon_steel
KG_CS_1159,4620,Kaggle_Carbon_Steel,0.22,0.65,,,,,0.0,,,,,,510.0,370.0,31.3,,,,149,pretrain,kaggle_measured,carbon_steel
KG_CS_1160,4820,Kaggle_Carbon_Steel,0.23,0.7,,,,,0.0,,,,,,758.0,485.0,24.0,,,,229,pretrain,kaggle_measured,carbon_steel
KG_CS_1161,4820,Kaggle_Carbon_Steel,0.23,0.7,,,,,0.0,,,,,,685.0,460.0,22.3,,,,197,pretrain,kaggle_measured,carbon_steel
KG_CS_1162,5140,Kaggle_Carbon_Steel,0.43,0.9,,,,,0.0,,,,,,793.0,470.0,22.7,,,,229,pretrain,kaggle_measured,carbon_steel
KG_CS_1163,5140,Kaggle_Carbon_Steel,0.43,0.9,,,,,0.0,,,,,,570.0,290.0,28.6,,,,167,pretrain,kaggle_measured,carbon_steel
KG_CS_1164,5140,Kaggle_Carbon_Steel,0.43,0.9,,,,,0.0,,,,,,972.0,841.0,18.5,,,,293,pretrain,kaggle_measured,carbon_steel
KG_CS_1165,5150,Kaggle_Carbon_Steel,0.53,0.9,,,,,0.0,,,,,,869.0,530.0,20.7,,,,255,pretrain,kaggle_measured,carbon_steel
KG_CS_1166,5150,Kaggle_Carbon_Steel,0.53,0.9,,,,,0.0,,,,,,675.0,360.0,22.0,,,,197,pretrain,kaggle_measured,carbon_steel
KG_CS_1167,5150,Kaggle_Carbon_Steel,0.53,0.9,,,,,0.0,,,,,,1055.0,1000.0,16.4,,,,311,pretrain,kaggle_measured,carbon_steel
KG_CS_1168,5160,Kaggle_Carbon_Steel,0.64,1.0,,,,,0.0,,,,,,1025.0,650.0,18.2,,,,285,pretrain,kaggle_measured,carbon_steel
KG_CS_1169,5160,Kaggle_Carbon_Steel,0.64,1.0,,,,,0.0,,,,,,724.0,275.0,17.2,,,,197,pretrain,kaggle_measured,carbon_steel
KG_CS_1170,5160,Kaggle_Carbon_Steel,0.64,1.0,,,,,0.0,,,,,,1145.0,1005.0,14.5,,,,341,pretrain,kaggle_measured,carbon_steel
KG_CS_1171,6150,Kaggle_Carbon_Steel,0.53,0.9,,,,,0.0,,,,,,938.0,615.0,21.8,,,,269,pretrain,kaggle_measured,carbon_steel
KG_CS_1172,6150,Kaggle_Carbon_Steel,0.53,0.9,,,,,0.0,,,,,,670.0,415.0,23.0,,,,197,pretrain,kaggle_measured,carbon_steel
KG_CS_1173,6150,Kaggle_Carbon_Steel,0.53,0.9,,,,,0.0,,,,,,1200.0,1160.0,14.5,,,,352,pretrain,kaggle_measured,carbon_steel
KG_CS_1174,8620,Kaggle_Carbon_Steel,0.23,0.9,,,,,0.0,,,,,,635.0,360.0,26.3,,,,183,pretrain,kaggle_measured,carbon_steel
KG_CS_1175,8620,Kaggle_Carbon_Steel,0.23,0.9,,,,,0.0,,,,,,540.0,385.0,31.3,,,,149,pretrain,kaggle_measured,carbon_steel
KG_CS_1176,8630,Kaggle_Carbon_Steel,0.33,0.9,,,,,0.0,,,,,,650.0,425.0,23.5,,,,187,pretrain,kaggle_measured,carbon_steel
KG_CS_1177,8630,Kaggle_Carbon_Steel,0.33,0.9,,,,,0.0,,,,,,565.0,370.0,29.0,,,,156,pretrain,kaggle_measured,carbon_steel
KG_CS_1178,8630,Kaggle_Carbon_Steel,0.33,0.9,,,,,0.0,,,,,,931.0,850.0,18.7,,,,269,pretrain,kaggle_measured,carbon_steel
KG_CS_1179,8650,Kaggle_Carbon_Steel,0.53,1.0,0.6,0.25,0.7,0.3,0.0,,,,,,1025.0,690.0,14.0,,,,302,pretrain,kaggle_measured,carbon_steel
KG_CS_1180,8650,Kaggle_Carbon_Steel,0.53,1.0,0.6,0.25,0.7,0.3,0.0,,,,,,715.0,385.0,22.5,,,,212,pretrain,kaggle_measured,carbon_steel
KG_CS_1181,8650,Kaggle_Carbon_Steel,0.53,1.0,0.6,0.25,0.7,0.3,0.0,,,,,,1185.0,1105.0,14.5,,,,352,pretrain,kaggle_measured,carbon_steel
KG_CS_1182,8740,Kaggle_Carbon_Steel,0.43,1.0,,,,,0.0,,,,,,931.0,605.0,16.0,,,,269,pretrain,kaggle_measured,carbon_steel
KG_CS_1183,8740,Kaggle_Carbon_Steel,0.43,1.0,,,,,0.0,,,,,,696.0,415.0,22.2,,,,201,pretrain,kaggle_measured,carbon_steel
KG_CS_1184,8740,Kaggle_Carbon_Steel,0.43,1.0,,,,,0.0,,,,,,1225.0,1130.0,16.0,,,,352,pretrain,kaggle_measured,carbon_steel
KG_CS_1185,9255,Kaggle_Carbon_Steel,0.59,0.95,,,,,0.0,,,,,,931.0,580.0,19.7,,,,269,pretrain,kaggle_measured,carbon_steel
KG_CS_1186,9255,Kaggle_Carbon_Steel,0.59,0.95,,,,,0.0,,,,,,779.0,485.0,21.7,,,,229,pretrain,kaggle_measured,carbon_steel
KG_CS_1187,9255,Kaggle_Carbon_Steel,0.59,0.95,,,,,0.0,,,,,,1130.0,924.0,16.7,,,,321,pretrain,kaggle_measured,carbon_steel
KG_CS_1188,9310,Kaggle_Carbon_Steel,0.13,0.65,1.4,0.15,3.5,0.35,0.0,,,,,,910.0,570.0,18.8,,,,269,pretrain,kaggle_measured,carbon_steel
KG_CS_1189,9310,Kaggle_Carbon_Steel,0.13,0.65,1.4,0.15,3.5,0.35,0.0,,,,,,820.0,450.0,17.3,,,,241,pretrain,kaggle_measured,carbon_steel
KG_SS_1191,405,Kaggle_Stainless_Steel,0.08,1.0,13.0,,,1.0,0.0,,,,,,483.0,276.0,30.0,,,,150.0,pretrain,kaggle_measured,stainless_steel
KG_SS_1192,405,Kaggle_Stainless_Steel,0.08,1.0,13.0,,,1.0,0.0,,,,,,586.0,483.0,20.0,,,,185.0,pretrain,kaggle_measured,stainless_steel
KG_SS_1193,409,Kaggle_Stainless_Steel,0.08,1.0,11.13,,,1.0,0.0,,,,,,450.0,240.0,25.0,,,,135.0,pretrain,kaggle_measured,stainless_steel
KG_SS_1194,430,Kaggle_Stainless_Steel,0.12,1.0,18.0,,,1.0,0.0,,,,,,517.0,310.0,30.0,,,,155.0,pretrain,kaggle_measured,stainless_steel
KG_SS_1195,442,Kaggle_Stainless_Steel,0.2,1.0,20.5,,1.0,1.0,0.0,,,,,,515.0,310.0,30.0,,,,160.0,pretrain,kaggle_measured,stainless_steel
KG_SS_1196,442,Kaggle_Stainless_Steel,0.2,1.0,20.5,,1.0,1.0,0.0,,,,,,545.0,427.0,35.5,,,,191.0,pretrain,kaggle_measured,stainless_steel
KG_SS_1197,446,Kaggle_Stainless_Steel,0.2,1.5,27.0,,0.25,1.0,0.0,,,,,,550.0,345.0,25.0,,,,167.0,pretrain,kaggle_measured,stainless_steel
KG_SS_1198,446,Kaggle_Stainless_Steel,0.2,1.5,27.0,,0.25,1.0,0.0,,,,,,607.0,462.0,26.0,,,,216.0,pretrain,kaggle_measured,stainless_steel
KG_SS_1200,403,Kaggle_Stainless_Steel,0.15,1.0,12.3,,,0.5,0.0,,,,,,515.0,275.0,35.0,,,,154.0,pretrain,kaggle_measured,stainless_steel
KG_SS_1201,403,Kaggle_Stainless_Steel,0.15,1.0,12.3,,,0.5,0.0,,,,,,765.0,585.0,23.0,,,,223.0,pretrain,kaggle_measured,stainless_steel
KG_SS_1202,410,Kaggle_Stainless_Steel,0.15,1.0,13.5,,,1.0,0.0,,,,,,1085.0,1005.0,13.0,,,,,pretrain,kaggle_measured,stainless_steel
KG_SS_1203,410,Kaggle_Stainless_Steel,0.15,1.0,13.5,,,1.0,0.0,,,,,,1525.0,1225.0,15.0,,,,81.0,pretrain,kaggle_measured,stainless_steel
KG_SS_1204,414,Kaggle_Stainless_Steel,0.15,1.0,12.5,,1.88,1.0,0.0,,,,,,795.0,620.0,20.0,,,,235.0,pretrain,kaggle_measured,stainless_steel
KG_SS_1205,414,Kaggle_Stainless_Steel,0.15,1.0,12.5,,1.88,1.0,0.0,,,,,,895.0,795.0,15.0,,,,270.0,pretrain,kaggle_measured,stainless_steel
KG_SS_1206,414,Kaggle_Stainless_Steel,0.15,1.0,12.5,,1.88,1.0,0.0,,,,,,1005.0,800.0,19.0,,,,,pretrain,kaggle_measured,stainless_steel
KG_SS_1207,420,Kaggle_Stainless_Steel,0.15,1.0,13.0,,,1.0,0.0,,,,,,655.0,345.0,25.0,,,,195.0,pretrain,kaggle_measured,stainless_steel
KG_SS_1208,420,Kaggle_Stainless_Steel,0.15,1.0,13.0,,,1.0,0.0,,,,,,760.0,690.0,14.0,,,,228.0,pretrain,kaggle_measured,stainless_steel
KG_SS_1209,431,Kaggle_Stainless_Steel,0.2,1.0,17.0,,2.5,1.0,0.0,,,,,,860.0,655.0,20.0,,,,260.0,pretrain,kaggle_measured,stainless_steel
KG_SS_1210,431,Kaggle_Stainless_Steel,0.2,1.0,17.0,,2.5,1.0,0.0,,,,,,895.0,760.0,15.0,,,,270.0,pretrain,kaggle_measured,stainless_steel
KG_SS_1211,431,Kaggle_Stainless_Steel,0.2,1.0,17.0,,2.5,1.0,0.0,,,,,,831.0,738.0,20.0,,,,,pretrain,kaggle_measured,stainless_steel
KG_SS_1212,431,Kaggle_Stainless_Steel,0.2,1.0,17.0,,2.5,1.0,0.0,,,,,,1435.0,1140.0,17.0,,,,419.0,pretrain,kaggle_measured,stainless_steel
KG_SS_1213,440C,Kaggle_Stainless_Steel,1.2,1.0,18.0,0.75,0.75,1.0,0.0,,,,,,760.0,450.0,14.0,,,,223.0,pretrain,kaggle_measured,stainless_steel
KG_SS_1214,440C,Kaggle_Stainless_Steel,1.2,1.0,18.0,0.75,0.75,1.0,0.0,,,,,,860.0,690.0,7.0,,,,260.0,pretrain,kaggle_measured,stainless_steel
KG_SS_1215,440C,Kaggle_Stainless_Steel,1.2,1.0,18.0,0.75,0.75,1.0,0.0,,,,,,1970.0,1900.0,2.0,,,,580.0,pretrain,kaggle_measured,stainless_steel
KG_SS_1217,201,Kaggle_Stainless_Steel,0.15,7.5,18.0,,5.5,1.0,0.0,,,,,,760.0,380.0,52.0,,,,170.0,pretrain,kaggle_measured,stainless_steel
KG_SS_1218,201,Kaggle_Stainless_Steel,0.15,7.5,18.0,,5.5,2.0,0.0,,,,,,1035.0,760.0,12.0,,,,300.0,pretrain,kaggle_measured,stainless_steel
KG_SS_1219,201,Kaggle_Stainless_Steel,0.15,7.5,18.0,,5.5,3.0,0.0,,,,,,1275.0,965.0,8.0,,,,375.0,pretrain,kaggle_measured,stainless_steel
KG_SS_1220,201,Kaggle_Stainless_Steel,0.15,7.5,18.0,,5.5,4.0,0.0,,,,,,1550.0,1480.0,1.0,,,,402.0,pretrain,kaggle_measured,stainless_steel
KG_SS_1221,202,Kaggle_Stainless_Steel,0.15,10.0,19.0,,6.0,1.0,0.0,,,,,,515.0,275.0,40.0,,,,,pretrain,kaggle_measured,stainless_steel
KG_SS_1222,202,Kaggle_Stainless_Steel,0.15,10.0,19.0,,6.0,2.0,0.0,,,,,,655.0,310.0,40.0,,,,,pretrain,kaggle_measured,stainless_steel
KG_SS_1223,202,Kaggle_Stainless_Steel,0.15,10.0,19.0,,6.0,3.0,0.0,,,,,,1030.0,760.0,10.0,,,,,pretrain,kaggle_measured,stainless_steel
KG_SS_1224,301,Kaggle_Stainless_Steel,0.15,2.0,18.0,,8.0,1.0,0.0,,,,,,725.0,275.0,60.0,,,,,pretrain,kaggle_measured,stainless_steel
KG_SS_1225,301,Kaggle_Stainless_Steel,0.15,2.0,18.0,,8.0,1.0,0.0,,,,,,1035.0,655.0,54.0,,,,,pretrain,kaggle_measured,stainless_steel
KG_SS_1226,301,Kaggle_Stainless_Steel,0.15,2.0,18.0,,8.0,1.0,0.0,,,,,,1415.0,1330.0,6.0,,,,,pretrain,kaggle_measured,stainless_steel
KG_SS_1227,302,Kaggle_Stainless_Steel,0.15,2.0,19.0,,10.0,1.0,0.0,,,,,,620.0,275.0,55.0,,,,147.0,pretrain,kaggle_measured,stainless_steel
KG_SS_1228,302,Kaggle_Stainless_Steel,0.15,2.0,19.0,,10.0,1.0,0.0,,,,,,860.0,515.0,12.0,,,,250.0,pretrain,kaggle_measured,stainless_steel
KG_SS_1229,302,Kaggle_Stainless_Steel,0.15,2.0,19.0,,10.0,1.0,0.0,,,,,,585.0,240.0,60.0,,,,147.0,pretrain,kaggle_measured,stainless_steel
KG_SS_1230,303,Kaggle_Stainless_Steel,0.15,2.0,19.0,0.6,10.0,1.0,0.0,,,,,,620.0,240.0,50.0,,,,160.0,pretrain,kaggle_measured,stainless_steel
KG_SS_1231,303,Kaggle_Stainless_Steel,0.15,2.0,19.0,0.6,10.0,1.0,0.0,,,,,,690.0,415.0,40.0,,,,228.0,pretrain,kaggle_measured,stainless_steel
KG_SS_1232,304,Kaggle_Stainless_Steel,0.08,2.0,20.0,,10.5,1.0,0.0,,,,,,585.0,235.0,60.0,,,,149.0,pretrain,kaggle_measured,stainless_steel
KG_SS_1233,304,Kaggle_Stainless_Steel,0.08,2.0,20.0,,10.5,1.0,0.0,,,,,,690.0,415.0,45.0,,,,212.0,pretrain,kaggle_measured,stainless_steel
KG_SS_1234,304,Kaggle_Stainless_Steel,0.08,2.0,20.0,,10.5,1.0,0.0,,,,,,860.0,655.0,25.0,,,,275.0,pretrain,kaggle_measured,stainless_steel
KG_SS_1235,305,Kaggle_Stainless_Steel,0.12,2.0,19.0,,13.0,1.0,0.0,,,,,,585.0,260.0,50.0,,,,147.0,pretrain,kaggle_measured,stainless_steel
KG_SS_1236,308,Kaggle_Stainless_Steel,0.08,2.0,21.0,,12.0,1.0,0.0,,,,,,585.0,205.0,55.0,,,,150.0,pretrain,kaggle_measured,stainless_steel
KG_SS_1237,309,Kaggle_Stainless_Steel,0.2,2.0,24.0,,15.0,1.0,0.0,,,,,,655.0,275.0,45.0,,,,156.0,pretrain,kaggle_measured,stainless_steel
KG_SS_1238,310,Kaggle_Stainless_Steel,0.25,2.0,26.0,,22.0,1.5,0.0,,,,,,620.0,310.0,45.0,,,,163.0,pretrain,kaggle_measured,stainless_steel
KG_SS_1239,310,Kaggle_Stainless_Steel,0.25,2.0,26.0,,22.0,1.5,0.0,,,,,,655.0,275.0,45.0,,,,160.0,pretrain,kaggle_measured,stainless_steel
KG_SS_1240,314,Kaggle_Stainless_Steel,0.25,2.0,26.0,,22.0,3.0,0.0,,,,,,689.0,345.0,45.0,,,,180.0,pretrain,kaggle_measured,stainless_steel
KG_SS_1241,316,Kaggle_Stainless_Steel,0.08,2.0,18.0,3.0,14.0,1.0,0.0,,,,,,580.0,290.0,50.0,,,,143.0,pretrain,kaggle_measured,stainless_steel
KG_SS_1242,316,Kaggle_Stainless_Steel,0.08,2.0,18.0,3.0,14.0,1.0,0.0,,,,,,550.0,240.0,60.0,,,,149.0,pretrain,kaggle_measured,stainless_steel
KG_SS_1243,316,Kaggle_Stainless_Steel,0.08,2.0,18.0,3.0,14.0,1.0,0.0,,,,,,620.0,415.0,45.0,,,,190.0,pretrain,kaggle_measured,stainless_steel
KG_SS_1244,317,Kaggle_Stainless_Steel,0.08,2.0,20.0,4.0,15.0,1.0,0.0,,,,,,620.0,275.0,45.0,,,,163.0,pretrain,kaggle_measured,stainless_steel
KG_SS_1245,317,Kaggle_Stainless_Steel,0.08,2.0,20.0,4.0,15.0,1.0,0.0,,,,,,585.0,275.0,50.0,,,,160.0,pretrain,kaggle_measured,stainless_steel
KG_SS_1246,321,Kaggle_Stainless_Steel,0.08,2.0,19.0,,12.0,1.0,0.0,,,,,,620.0,240.0,45.0,,,,147.0,pretrain,kaggle_measured,stainless_steel
KG_SS_1247,321,Kaggle_Stainless_Steel,0.08,2.0,19.0,,12.0,1.0,0.0,,,,,,585.0,240.0,55.0,,,,150.0,pretrain,kaggle_measured,stainless_steel
KG_SS_1248,321,Kaggle_Stainless_Steel,0.08,2.0,19.0,,12.0,1.0,0.0,,,,,,655.0,415.0,40.0,,,,185.0,pretrain,kaggle_measured,stainless_steel
KG_SS_1249,330,Kaggle_Stainless_Steel,0.08,2.0,20.0,,37.0,1.0,0.0,,,,,,550.0,260.0,40.0,,,,,pretrain,kaggle_measured,stainless_steel
KG_SS_1250,330,Kaggle_Stainless_Steel,0.08,2.0,20.0,,37.0,1.0,0.0,,,,,,585.0,290.0,45.0,,,,147.0,pretrain,kaggle_measured,stainless_steel
KG_SS_1251,384,Kaggle_Stainless_Steel,0.08,2.0,17.0,,19.0,1.0,0.0,,,,,,515.0,240.0,55.0,,,,121.0,pretrain,kaggle_measured,stainless_steel
